"","sample_ID","otter_region","site","core_letter","layer_number","layer_thickness","sample_volume","pan_number","na.rm","dry_bulk_density","sed_dw_pre_450C","om_weight","im_weight","percent_om","percent_im","om.im_ratio"
"1","2017Ap28_M01_A","Mid","M01","A",1,1.7,16,1,TRUE,1.20453125,19.2725,0.580970000000001,NA,3.01450252951096,NA,NA
"2","2017Ap28_M01_A","Mid","M01","A",2,1.7,16,2,TRUE,1.15057875,18.40926,0.382809999999999,NA,2.07944262832943,NA,NA
"3","2017Ap28_M01_A","Mid","M01","A",3,1.7,16,3,TRUE,1.16403375,18.62454,0.390969999999996,NA,2.09921963173316,NA,NA
"4","2017Ap28_M01_A","Mid","M01","A",4,1.7,16,4,TRUE,1.27846,20.45536,0.328580000000002,NA,1.60632714359465,NA,NA
"5","2017Ap28_M01_A","Mid","M01","A",5,1.7,16,5,TRUE,1.024046875,16.38475,0.302689999999998,NA,1.84738857779337,NA,NA
"6","2017Ap28_M01_A","Mid","M01","A",6,1.7,16,6,TRUE,1.124146875,17.98635,0.442979999999999,NA,2.46286767465327,NA,NA
"7","2017Ap28_M01_A","Mid","M01","A",7,1.7,16,7,TRUE,1.070484375,17.12775,0.34402,NA,2.00855337099152,NA,NA
"8","2017Ap28_M01_A","Mid","M01","A",8,1.7,16,8,TRUE,1.08680875,17.38894,0.386850000000003,NA,2.22468994659826,NA,NA
"9","2017Ap28_M01_A","Mid","M01","A",9,1.7,16,9,TRUE,1.04006,16.64096,0.45082,NA,2.7090985135473,NA,NA
"10","2017Ap28_M01_A","Mid","M01","A",10,1.7,16,10,TRUE,1.038116875,16.60987,0.298109999999994,NA,1.79477623846541,NA,NA
"41","2017Aug22_M08_A","Mid","M08","A",1,1.1,21.5875,1,TRUE,0.926038679791546,19.99086,2.26548,NA,11.3325789885978,NA,NA
"42","2017Aug22_M08_A","Mid","M08","A",2,1.1,21.5875,2,TRUE,0.855574290677475,18.46971,1.88326,1.65208000000001,10.1964784503926,8.78888440835906,1.13993269091085
"43","2017Aug22_M08_A","Mid","M08","A",3,1,19.625,3,TRUE,0.660135031847134,12.95515,1.66874,NA,12.8809006456892,NA,NA
"44","2017Aug22_M08_A","Mid","M08","A",4,1,19.625,4,TRUE,0.65600101910828,12.87402,1.93372,NA,15.0203277608703,NA,NA
"45","2017Aug22_M08_A","Mid","M08","A",5,0.9,17.6625,5,TRUE,0.68816135881104,12.15465,1.87338,NA,15.4128666806531,NA,NA
"46","2017Aug22_M08_A","Mid","M08","A",6,0.9,17.6625,6,TRUE,0.733213871196037,12.95039,2.01687,NA,15.5738166958679,NA,NA
"47","2017Aug22_M08_A","Mid","M08","A",7,0.9,17.6625,7,TRUE,0.971947912243454,17.16703,2.27117,6.65832,13.2298364947227,39.0482490710506,0.341102560405628
"48","2017Aug22_M08_A","Mid","M08","A",8,0.9,17.6625,8,TRUE,0.872550884642604,15.41143,2.17539,NA,14.1154325069121,NA,NA
"49","2017Aug22_M08_A","Mid","M08","A",9,0.9,17.6625,9,TRUE,0.842329228591649,14.87764,1.98773,NA,13.3605195447665,NA,NA
"50","2017Aug22_M08_A","Mid","M08","A",10,0.8,15.7,10,TRUE,0.936667515923567,14.70568,2.16438,NA,14.7179865194945,NA,NA
"51","2017Aug22_M08_A","Mid","M08","A",11,0.8,15.7,11,TRUE,1.3296025477707,20.87476,1.84861,NA,8.85571858071662,NA,NA
"52","2017Aug22_M08_A","Mid","M08","A",12,0.9,17.6625,12,TRUE,1.20424515215853,21.26998,1.81426,3.33541,8.52967421690101,15.5706320292645,0.54393912592455
"53","2017Aug22_M08_A","Mid","M08","A",13,1,19.625,13,TRUE,1.22110777070064,23.96424,2.11714,NA,8.83458019115148,NA,NA
"54","2017Aug22_M08_A","Mid","M08","A",14,1,19.625,14,TRUE,1.05251821656051,20.65567,2.14542,NA,10.3865911877949,NA,NA
"55","2017Aug22_M08_A","Mid","M08","A",15,0.9,17.6625,15,TRUE,1.23368492569002,21.78996,2.08944,NA,9.58900337586668,NA,NA
"56","2017Aug22_M08_A","Mid","M08","A",16,0.9,17.6625,16,TRUE,1.21808351026185,21.5144,2.50899,NA,11.6619101624958,NA,NA
"57","2017Aug22_M08_A","Mid","M08","A",17,1,19.625,17,TRUE,1.30410904458599,25.59314,2.35969,7.22998,9.22000973698421,28.475026190795,0.326375729946694
"58","2017Aug22_M08_A","Mid","M08","A",18,0.9,17.6625,18,TRUE,1.30155980184006,22.9888,2.52127,NA,10.9673841174833,NA,NA
"59","2017Aug22_M08_A","Mid","M08","A",19,0.9,17.6625,19,TRUE,1.42542845010616,25.17663,2.52834,NA,10.0424083763395,NA,NA
"60","2017Aug22_M08_A","Mid","M08","A",20,0.9,17.6625,20,TRUE,1.4720118895966,25.99941,2.46055,NA,9.46386860317215,NA,NA
"61","2017Aug22_M08_A","Mid","M08","A",21,0.6,11.775,21,TRUE,1.26355753715499,14.87839,1.41563,NA,9.5146719503925,NA,NA
"62","2017Aug22_M08_A","Mid","M08","A",22,1,19.625,22,TRUE,1.66041732484076,32.58569,2.28691000000001,19.46793,7.01814201264422,59.8524098459843,0.117470629902614
"63","2017Aug22_M08_A","Mid","M08","A",23,1,19.625,23,TRUE,1.45551439490446,28.56447,2.435,NA,8.5245761605239,NA,NA
"64","2017Aug22_M08_A","Mid","M08","A",24,1,19.625,24,TRUE,1.00093350318471,19.64332,2.68939,NA,13.6911173874885,NA,NA
"65","2017July24_H06_A","High","H06","A",1,1.3,25.5125,1,TRUE,0.757736403723665,19.33175,2.50945,NA,12.9809768903488,NA,NA
"66","2017July24_H06_A","High","H06","A",2,1.1,21.5875,2,TRUE,0.95269345686161,20.56627,1.96668,2.69046,9.56264796679223,12.9478205421274,0.73098280591423
"67","2017July24_H06_A","High","H06","A",3,1.1,21.5875,3,TRUE,1.01671476548929,21.94833,2.39535,NA,10.9135865917817,NA,NA
"68","2017July24_H06_A","High","H06","A",4,1.1,21.5875,4,TRUE,1.02132206137811,22.04779,2.27653,NA,10.3254339777365,NA,NA
"69","2017July24_H06_A","High","H06","A",5,1.1,21.5875,5,TRUE,1.03448847712797,22.33202,2.15956,NA,9.67024030965402,NA,NA
"70","2017July24_H06_A","High","H06","A",6,0.9,17.6625,6,TRUE,0.928488039631989,16.39942,0.946740000000004,NA,5.77300904544187,NA,NA
"71","2017July24_H06_A","High","H06","A",7,1.3,25.5125,7,TRUE,1.01535992160706,25.90437,1.14126,4.30907,4.40566591660017,15.8478731867095,0.264850652228903
"72","2017July24_H06_A","High","H06","A",8,1.1,21.5875,8,TRUE,0.937989114070643,20.24884,0.855650000000001,NA,4.22567416207546,NA,NA
"73","2017July24_H06_A","High","H06","A",9,1.1,21.5875,9,TRUE,1.02354649681529,22.09581,0.92531,NA,4.18771703775512,NA,NA
"74","2017July24_H06_A","High","H06","A",10,1.1,21.5875,10,TRUE,0.978306427330631,21.11919,1.05051,NA,4.97419645355716,NA,NA
"75","2017July24_H06_A","High","H06","A",11,1.1,21.5875,11,TRUE,1.02329542559351,22.09039,2.47484,NA,11.2032426770193,NA,NA
"76","2017July24_H06_A","High","H06","A",12,1.2,23.55,12,TRUE,1.16730615711253,27.49006,2.45797,3.7103,8.94130460246358,13.7082817928835,0.662472037301565
"77","2017July24_H06_A","High","H06","A",13,1.1,21.5875,13,TRUE,1.25665361899247,27.12801,2.23819,NA,8.25047616835883,NA,NA
"78","2017July24_H06_A","High","H06","A",14,1.2,23.55,14,TRUE,1.10377919320594,25.994,2.28957,NA,8.80807109332924,NA,NA
"79","2017July24_H06_A","High","H06","A",15,1.1,21.5875,15,TRUE,1.06680115807759,23.02957,2.20613,NA,9.57955359131759,NA,NA
"80","2017July24_H06_A","High","H06","A",16,1.1,21.5875,16,TRUE,0.92070133178923,19.87564,3.62603,NA,18.243588634127,NA,NA
"81","2017July24_H06_A","High","H06","A",17,1,19.625,17,TRUE,0.937826242038217,18.40484,2.18355,3.03151,11.8639988177023,16.4351976093549,0.720284610639581
"82","2017July24_H06_A","High","H06","A",18,1.3,25.5125,18,TRUE,0.931098481136698,23.75465,2.43493,NA,10.2503299354021,NA,NA
"83","2017July24_H06_A","High","H06","A",19,1,19.625,19,TRUE,0.825551592356688,16.20145,2.16379,NA,13.3555329924173,NA,NA
"84","2017July24_H06_A","High","H06","A",20,1.3,25.5125,20,TRUE,0.891050269475747,22.73292,1.60076,NA,7.04159430464719,NA,NA
"85","2017July24_H06_A","High","H06","A",21,0.9,17.6625,21,TRUE,0.979223779193206,17.29554,2.58487,NA,14.9452980363724,NA,NA
"86","2017July24_H06_A","High","H06","A",22,1.2,23.55,22,TRUE,1.35120806794055,31.82095,3.6839,3.79362,11.5769642326832,12.3554867406224,0.971077756865475
"87","2017April29_H01_A","High","H01","A",1,1,19.625,1,TRUE,1.02614012738854,20.138,2.09046,NA,10.3806733538584,NA,NA
"88","2017April29_H01_A","High","H01","A",2,1,19.625,2,TRUE,1.06461197452229,20.89301,2.21935,2.2717,10.6224521981275,11.0689527982275,0.976955583923935
"89","2017April29_H01_A","High","H01","A",3,0.9,17.6625,3,TRUE,1.08013021939137,19.0778,1.98055,NA,10.3814381113126,NA,NA
"90","2017April29_H01_A","High","H01","A",4,1,19.625,4,TRUE,1.01226140127389,19.86563,1.8826,NA,9.47666900068108,NA,NA
"91","2017April29_H01_A","High","H01","A",5,0.9,17.6625,5,TRUE,1.21084274593064,21.38651,1.98242,NA,9.26948810254688,NA,NA
"92","2017April29_H01_A","High","H01","A",6,1,19.625,6,TRUE,1.29898242038217,25.49253,2.32563,NA,9.12279008791986,NA,NA
"93","2017April29_H01_A","High","H01","A",7,0.9,17.6625,7,TRUE,1.35526397735315,23.93735,2.17123,2.26972,9.07046937108745,9.65184436756036,0.956606982359058
"94","2017April29_H01_A","High","H01","A",8,0.9,17.6625,8,TRUE,1.25358867657466,22.14151,2.22957,NA,10.0696384302606,NA,NA
"95","2017April29_H01_A","High","H01","A",9,0.9,17.6625,9,TRUE,1.33120113234253,23.51234,2.14662,NA,9.12975909671263,NA,NA
"96","2017April29_H01_A","High","H01","A",10,0.9,17.6625,10,TRUE,1.2857194621373,22.70902,2.35398,NA,10.3658370110203,NA,NA
"97","2017April29_H01_A","High","H01","A",11,0.9,17.6625,11,TRUE,1.38058825194621,24.38464,2.21127,NA,9.06829053043228,NA,NA
"98","2017April29_H01_A","High","H01","A",12,0.9,17.6625,12,TRUE,1.62288860580326,28.66427,1.91669,2.39897000000001,6.68668694510622,8.40108154333897,0.79896372193066
"99","2017April29_H01_A","High","H01","A",13,0.8,15.7,13,TRUE,1.29983885350318,20.40747,1.97762,NA,9.69066719196452,NA,NA
"100","2017April29_H01_A","High","H01","A",14,0.9,17.6625,14,TRUE,1.18288067940552,20.89263,1.77086,NA,8.47600326047989,NA,NA
"101","2017April29_H01_A","High","H01","A",15,0.9,17.6625,15,TRUE,1.39818372257608,24.69542,2.20768,NA,8.93963334091909,NA,NA
"102","2017April29_H01_A","High","H01","A",16,0.9,17.6625,16,TRUE,1.47149950460014,25.99036,2.01786,NA,7.76387860729902,NA,NA
"103","2017April29_H01_A","High","H01","A",17,1,19.625,17,TRUE,1.71452076433121,33.64747,2.22316,4.47604,6.60721296430311,13.4577957854866,0.496680101160847
"104","2017April29_H01_A","High","H01","A",18,0.7,13.7375,18,TRUE,1.82525131938126,25.07439,1.94451,NA,7.75496432814518,NA,NA
"105","2017April29_H01_A","High","H01","A",19,1,19.625,19,TRUE,1.77167796178344,34.76918,1.77133,NA,5.09454062477171,NA,NA
"106","2017April29_H01_A","High","H01","A",20,1,19.625,20,TRUE,1.75146445859873,34.37249,1.91467,NA,5.57035582816375,NA,NA
"107","","Low","L01","A",1,1.5,29.4375,1,TRUE,1.33605503184713,39.33012,2.38989,NA,6.07648794359133,NA,NA
"108","","Low","L01","A",2,1.3,25.5125,2,TRUE,1.51903498285154,38.75438,2.46239,2.69531000000001,6.35383665020573,7.04992393758489,0.913583224193133
"109","","Low","L01","A",3,1.3,25.5125,3,TRUE,1.48999549240568,38.01351,4.17760000000001,NA,10.9897770555784,NA,NA
"110","","Low","L01","A",4,1.2,23.55,4,TRUE,1.54104840764331,36.29169,2.32347,NA,6.40220943141529,NA,NA
"111","","Low","L01","A",5,1.4,27.475,5,TRUE,1.39454012738853,38.31499,2.4867,NA,6.49014915572208,NA,NA
"112","","Low","L01","A",6,1.3,25.5125,6,TRUE,1.37676080352768,35.12461,2.72909,NA,7.76973751452329,NA,NA
"113","","Low","L01","A",7,1.2,23.55,7,TRUE,1.35815498938429,31.98455,2.89645,3.12259,9.05577849305367,10.0012234931177,0.927579349194097
"114","","Low","L01","A",8,1.3,25.5125,8,TRUE,1.462078588927,37.30128,2.55219,NA,6.8420976438342,NA,NA
"115","","Low","L01","A",9,1.2,23.55,9,TRUE,1.47669851380042,34.77625,2.55727,NA,7.35349556090723,NA,NA
"116","","Low","L01","A",10,1.3,25.5125,10,TRUE,1.48186026457619,37.80596,2.68625,NA,7.10536116527659,NA,NA
"117","","Low","L01","A",11,1.3,25.5125,11,TRUE,1.49067555120039,38.03086,2.0696,NA,5.44189639676831,NA,NA
"118","","Low","L01","A",12,1.4,27.475,12,TRUE,1.4747330300273,40.51829,2.83771,2.99068,7.00352852995524,7.52324632501285,0.948851097409286
"119","","Low","L01","A",13,1.3,25.5125,13,TRUE,1.54601861832435,39.4428,3.04476,NA,7.71943168334906,NA,NA
"120","","Low","L01","A",14,1.4,27.475,14,TRUE,1.45867333939945,40.07705,2.4303,NA,6.06406908692132,NA,NA
"121","","Low","L01","A",15,1.2,23.55,15,TRUE,1.60825647558386,37.87444,2.56104,NA,6.76192176042734,NA,NA
"122","","Low","L01","A",16,1.3,25.5125,16,TRUE,1.47977893189613,37.75286,2.22532,NA,5.89444084501147,NA,NA
"123","","Low","L01","A",17,1.2,23.55,17,TRUE,1.56794649681529,36.92514,2.37397,2.95766999999999,6.42914285497631,8.09710048752281,0.802648706583224
"124","","Low","L01","A",18,1.1,21.5875,18,TRUE,1.48149901563405,31.98186,2.42353,NA,7.57782693064131,NA,NA
"125","","Low","L01","A",19,1.3,25.5125,19,TRUE,1.45784772170505,37.19334,2.49303,NA,6.70289358256074,NA,NA
"126","","Low","L05","A",1,1.1,21.5875,1,TRUE,0.951936074116966,20.54992,2.21245,2.11324,10.7662219609614,10.5890246426172,1.04694686831595
"127","","Low","L05","A",2,0.8,15.7,2,TRUE,1.65033121019108,25.9102,2.10449,NA,8.12224529335937,NA,NA
"128","","Low","L05","A",3,0.9,17.6625,3,TRUE,1.70157678697806,30.0541,3.12213,NA,10.3883663127493,NA,NA
"129","","Low","L05","A",4,0.9,17.6625,4,TRUE,1.68658570417551,29.78932,2.58884,NA,8.69049713118661,NA,NA
"130","","Low","L05","A",5,0.8,15.7,5,TRUE,1.58071656050955,24.81725,2.1776,NA,8.77454190129849,NA,NA
"131","","Low","L05","A",6,1,19.625,6,TRUE,1.5313447133758,30.05264,1.96627,2.29233,6.54275298276625,7.70767115577241,0.857760444613124
"132","","Low","L05","A",7,0.6,11.775,7,TRUE,1.64647133757962,19.3872,3.19064,NA,16.457456466122,NA,NA
"133","","Low","L05","A",8,1,19.625,8,TRUE,1.43706242038217,28.20235,2.03748,NA,7.22450434095031,NA,NA
"134","","Low","L05","A",9,0.8,15.7,9,TRUE,1.43337515923567,22.50399,1.80718,NA,8.03048703807636,NA,NA
"135","","Low","L05","A",10,0.9,17.6625,10,TRUE,1.85410785562633,32.74818,2.6995,NA,8.2432061873362,NA,NA
"136","","Low","L05","A",11,0.9,17.6625,11,TRUE,1.60776786978061,28.3972,1.74929,2.27847,6.16007916273435,8.0595690823997,0.767747655224778
"137","","Low","L05","A",12,1,19.625,12,TRUE,1.63606828025478,32.10784,2.29972,NA,7.16248741740335,NA,NA
"138","","Low","L05","A",13,0.8,15.7,13,TRUE,1.93611146496815,30.39695,2.07609,NA,6.82992866060575,NA,NA
"139","","Low","L05","A",14,0.9,17.6625,14,TRUE,2.19643708421798,38.79457,1.67484,NA,4.31720212390547,NA,NA
"140","","Low","L05","A",15,0.9,17.6625,15,TRUE,1.61886992215145,28.59329,1.88604,NA,6.59609299944148,NA,NA
"141","","Low","L05","A",16,0.8,15.7,16,TRUE,2.14104331210191,33.61438,1.77677,2.44327000000001,5.2857437798942,7.32004944606863,0.727209845821377
"142","","Low","L05","A",17,0.9,17.6625,17,TRUE,2.09582505307856,37.01751,1.88321,NA,5.08734920312036,NA,NA
"143","","Low","L05","A",18,0.8,15.7,18,TRUE,1.94941401273885,30.6058,1.80431,NA,5.89532049480817,NA,NA
"144","","Low","L05","A",19,0.9,17.6625,19,TRUE,1.8309288039632,32.33878,1.99891,NA,6.18115463848667,NA,NA
"145","","Low","L05","A",20,0.8,15.7,20,TRUE,1.70889554140127,26.82966,1.99395999999999,NA,7.43192422117908,NA,NA
"146","","Low","L05","A",21,0.9,17.6625,21,TRUE,1.91350601556971,33.7973,2.0329,2.66293,6.01497752779068,7.97514612001787,0.763407224373152
"147","","Low","L05","A",22,0.8,15.7,22,TRUE,1.81947452229299,28.56575,1.96602,NA,6.88243788452955,NA,NA
"148","","Low","L05","A",23,0.9,17.6625,23,TRUE,1.92010247699929,33.91381,2.1465,NA,6.32928001896574,NA,NA
"149","","Low","L05","A",24,0.8,15.7,24,TRUE,1.7572152866242,27.58828,1.87243,NA,6.78704870328995,NA,NA
"150","","Low","L05","A",25,0.9,17.6625,25,TRUE,1.81963765038924,32.13935,2.03994,NA,6.34717254704902,NA,NA
"151","","Low","L05","A",26,0.8,15.7,26,TRUE,1.99909554140127,31.3858,2.67464,3.50985,8.52181559813674,11.4352243419741,0.762038263743465
"152","","Low","L05","A",27,0.9,17.6625,27,TRUE,2.08410360934183,36.81048,1.8707,NA,5.08197665447448,NA,NA
"153","","Low","L05","A",28,1,19.625,28,TRUE,1.99207082802548,39.09439,1.93314,NA,4.94480154313701,NA,NA
"154","","Low","L05","A",29,0.8,15.7,29,TRUE,2.04673248407643,32.1337,1.74781,NA,5.43918067324957,NA,NA
"155","","Low","L05","A",30,0.9,17.6625,30,TRUE,2.02755951875442,35.81177,2.30066,4.27887,6.42431245369888,12.1386899518721,0.537679340573562
"156","","Low","L05","A",31,0.9,17.6625,31,TRUE,1.93546553432413,34.18516,2.07619,NA,6.07336633790802,NA,NA
"157","","Mid","M05","B",1,1,19.625,1,TRUE,0.589699872611465,11.57286,2.3852,NA,20.6102899369732,NA,NA
"158","","Mid","M05","B",2,1,19.625,2,TRUE,0.344610955414013,6.76299,1.52857,2.53326,22.601985216598,34.5656338520148,0.603400361589414
"159","","Mid","M05","B",3,1.3,25.5125,3,TRUE,0.377189220970113,9.62304,1.91412,NA,19.8910115722267,NA,NA
"160","","Mid","M05","B",4,1.2,23.55,4,TRUE,0.434095116772824,10.22294,2.07578,NA,20.3051177058654,NA,NA
"161","","Mid","M05","B",5,0.9,17.6625,5,TRUE,0.381071762208068,6.73068,1.64535,NA,24.4455240778049,NA,NA
"162","","Mid","M05","B",6,1,19.625,6,TRUE,0.431557197452229,8.46931,1.83333,NA,21.6467457207258,NA,NA
"163","","Mid","M05","B",7,1.1,21.5875,7,TRUE,0.480609612044007,10.37516,2.07301,2.9446,19.9805111439245,27.3755590904316,0.704003939414521
"164","","Mid","M05","B",8,0.9,17.6625,8,TRUE,0.515420240622788,9.10361,1.81702,NA,19.9593348133323,NA,NA
"165","","Mid","M05","B",9,1.1,21.5875,9,TRUE,0.514585755645628,11.10862,2.04196,NA,18.381761190859,NA,NA
"166","","Mid","M05","B",10,1,19.625,10,TRUE,0.437381910828025,8.58362,1.74473,NA,20.3262725982744,NA,NA
"167","","Mid","M05","B",11,1.2,23.55,11,TRUE,0.562472186836518,13.24622,2.18442,NA,16.4908932510558,NA,NA
"168","","Mid","M05","B",12,0.9,17.6625,12,TRUE,0.737046284501061,13.01808,2.00022,2.97795,15.3649386084584,22.4151570555112,0.67167682466126
"169","","Mid","M05","B",13,0.9,17.6625,13,TRUE,1.38519971691437,24.46609,2.0078,NA,8.20646045199703,NA,NA
"170","","Mid","M05","B",14,1.3,25.5125,14,TRUE,1.12461146496815,28.69165,2.34785,NA,8.18304280165136,NA,NA
"171","","Mid","M05","B",15,0.9,17.6625,15,TRUE,0.87170728945506,15.39653,1.94728,NA,12.6475251241676,NA,NA
"172","","Mid","M05","B",16,1.2,23.55,16,TRUE,1.99343524416136,46.9454,2.13516,NA,4.54817724420284,NA,NA
"173","","Mid","M05","B",17,1.1,21.5875,17,TRUE,1.67864458598726,36.23774,1.99945,4.33273000000001,5.51759022499748,11.9852527668351,0.461475790090774
"174","","Mid","M05","B",18,0.9,17.6625,18,TRUE,0.939551026185421,16.59482,2.16798,NA,13.0641971410356,NA,NA
"175","","Mid","M05","B",19,0.9,17.6625,19,TRUE,0.963146213729653,17.01157,1.89579,NA,11.1441213244868,NA,NA
"176","","Mid","M05","B",20,1.1,21.5875,20,TRUE,0.648358540822235,13.99644,1.98628,NA,14.1913229364038,NA,NA
"177","","Mid","M05","B",21,1,19.625,21,TRUE,0.751865987261147,14.75537,1.89893,NA,12.8694163548593,NA,NA
"178","","Mid","M05","B",22,1,19.625,22,TRUE,1.31791184713376,25.86402,2.31616,5.2473,8.95514309067191,20.6560997356627,0.441400339222076
"179","","Mid","M05","B",23,1.1,21.5875,23,TRUE,1.46978760856977,31.72904,2.95472,NA,9.31235234346832,NA,NA
"180","","Mid","M05","B",24,1,19.625,24,TRUE,1.48205910828025,29.08541,2.26398,NA,7.78390265084797,NA,NA
"181","","Mid","M05","B",25,1.2,23.55,25,TRUE,1.09919023354565,25.88593,2.30532,NA,8.90568737534252,NA,NA
"182","","Mid","M05","B",26,1.1,21.5875,26,TRUE,1.10886022003474,23.93752,2.40665,NA,10.0538819393154,NA,NA
"183","","Mid","M05","B",27,1.1,21.5875,27,TRUE,1.26154950781702,27.2337,2.11616,6.55907,7.77037273671958,24.1661674319143,0.32263110471454
"184","","Mid","M05","B",28,1.1,21.5875,28,TRUE,1.28139710480602,27.66216,2.1864,NA,7.90393808726433,NA,NA
"185","","Mid","M05","B",29,1,19.625,29,TRUE,1.45945987261146,28.6419,2.15419,NA,7.52111417189502,NA,NA
"186","","Mid","M05","B",30,1,19.625,30,TRUE,1.22379770700637,24.01703,2.09995,NA,8.74358736280049,NA,NA
"187","","Mid","M05","B",31,1,19.625,31,TRUE,1.32733197452229,26.04889,2.13708,NA,8.2041115763474,NA,NA
"188","","Mid","M05","B",32,1,19.625,32,TRUE,1.12099210191083,21.99947,2.37821,5.01421000000001,10.8103058846418,23.2612438167069,0.474294056292017
"189","","Mid","M05","B",33,1.2,23.55,33,TRUE,1.04705095541401,24.65805,2.46288,NA,9.98813774811878,NA,NA
"190","","Mid","M05","B",34,0.9,17.6625,34,TRUE,0.969376362349611,17.12161,1.64553,NA,9.61083683134939,NA,NA
"191","","Mid","M05","B",35,1.1,21.5875,35,TRUE,1.21686670526925,26.26911,2.28746,NA,8.70779405925819,NA,NA
"192","","","","",NA,NA,NA,NA,TRUE,NA,NA,NA,NA,NA,NA,NA
"193","","","","",NA,NA,NA,NA,TRUE,NA,NA,NA,NA,NA,NA,NA
"194","","","","",NA,NA,NA,NA,TRUE,NA,NA,NA,NA,NA,NA,NA
"195","","","","",NA,NA,NA,NA,TRUE,NA,NA,NA,NA,NA,NA,NA
"196","","","","",NA,NA,NA,NA,TRUE,NA,NA,NA,NA,NA,NA,NA
"197","","","","",NA,NA,NA,NA,TRUE,NA,NA,NA,NA,NA,NA,NA
"198","","","","",NA,NA,NA,NA,TRUE,NA,NA,NA,NA,NA,NA,NA
"199","","","","",NA,NA,NA,NA,TRUE,NA,NA,NA,NA,NA,NA,NA
"200","","","","",NA,NA,NA,NA,TRUE,NA,NA,NA,NA,NA,NA,NA
"201","","","","",NA,NA,NA,NA,TRUE,NA,NA,NA,NA,NA,NA,NA
"202","","","","",NA,NA,NA,NA,TRUE,NA,NA,NA,NA,NA,NA,NA
"203","","","","",NA,NA,NA,NA,TRUE,NA,NA,NA,NA,NA,NA,NA
"204","","","","",NA,NA,NA,NA,TRUE,NA,NA,NA,NA,NA,NA,NA
"205","","","","",NA,NA,NA,NA,TRUE,NA,NA,NA,NA,NA,NA,NA
"206","","","","",NA,NA,NA,NA,TRUE,NA,NA,NA,NA,NA,NA,NA
"207","","","","",NA,NA,NA,NA,TRUE,NA,NA,NA,NA,NA,NA,NA
"208","","","","",NA,NA,NA,NA,TRUE,NA,NA,NA,NA,NA,NA,NA
"209","","","","",NA,NA,NA,NA,TRUE,NA,NA,NA,NA,NA,NA,NA
"210","","","","",NA,NA,NA,NA,TRUE,NA,NA,NA,NA,NA,NA,NA
"211","","","","",NA,NA,NA,NA,TRUE,NA,NA,NA,NA,NA,NA,NA
"212","","","","",NA,NA,NA,NA,TRUE,NA,NA,NA,NA,NA,NA,NA
"213","","","","",NA,NA,NA,NA,TRUE,NA,NA,NA,NA,NA,NA,NA
"214","","","","",NA,NA,NA,NA,TRUE,NA,NA,NA,NA,NA,NA,NA
"215","","","","",NA,NA,NA,NA,TRUE,NA,NA,NA,NA,NA,NA,NA
"216","","","","",NA,NA,NA,NA,TRUE,NA,NA,NA,NA,NA,NA,NA
"217","","","","",NA,NA,NA,NA,TRUE,NA,NA,NA,NA,NA,NA,NA
"218","","","","",NA,NA,NA,NA,TRUE,NA,NA,NA,NA,NA,NA,NA
"219","","","","",NA,NA,NA,NA,TRUE,NA,NA,NA,NA,NA,NA,NA
"220","","","","",NA,NA,NA,NA,TRUE,NA,NA,NA,NA,NA,NA,NA
"221","","","","",NA,NA,NA,NA,TRUE,NA,NA,NA,NA,NA,NA,NA
"222","","","","",NA,NA,NA,NA,TRUE,NA,NA,NA,NA,NA,NA,NA
"223","","","","",NA,NA,NA,NA,TRUE,NA,NA,NA,NA,NA,NA,NA
"224","","","","",NA,NA,NA,NA,TRUE,NA,NA,NA,NA,NA,NA,NA
"225","","","","",NA,NA,NA,NA,TRUE,NA,NA,NA,NA,NA,NA,NA
"226","","","","",NA,NA,NA,NA,TRUE,NA,NA,NA,NA,NA,NA,NA
"227","","","","",NA,NA,NA,NA,TRUE,NA,NA,NA,NA,NA,NA,NA
"228","","","","",NA,NA,NA,NA,TRUE,NA,NA,NA,NA,NA,NA,NA
"229","","","","",NA,NA,NA,NA,TRUE,NA,NA,NA,NA,NA,NA,NA
"230","","","","",NA,NA,NA,NA,TRUE,NA,NA,NA,NA,NA,NA,NA
"231","","","","",NA,NA,NA,NA,TRUE,NA,NA,NA,NA,NA,NA,NA
"232","","","","",NA,NA,NA,NA,TRUE,NA,NA,NA,NA,NA,NA,NA
"233","","","","",NA,NA,NA,NA,TRUE,NA,NA,NA,NA,NA,NA,NA
"234","","","","",NA,NA,NA,NA,TRUE,NA,NA,NA,NA,NA,NA,NA
"235","","","","",NA,NA,NA,NA,TRUE,NA,NA,NA,NA,NA,NA,NA
"236","","","","",NA,NA,NA,NA,TRUE,NA,NA,NA,NA,NA,NA,NA
"237","","","","",NA,NA,NA,NA,TRUE,NA,NA,NA,NA,NA,NA,NA
"238","","","","",NA,NA,NA,NA,TRUE,NA,NA,NA,NA,NA,NA,NA
"239","","","","",NA,NA,NA,NA,TRUE,NA,NA,NA,NA,NA,NA,NA
"240","","","","",NA,NA,NA,NA,TRUE,NA,NA,NA,NA,NA,NA,NA
"241","","","","",NA,NA,NA,NA,TRUE,NA,NA,NA,NA,NA,NA,NA
"242","","","","",NA,NA,NA,NA,TRUE,NA,NA,NA,NA,NA,NA,NA
"243","","","","",NA,NA,NA,NA,TRUE,NA,NA,NA,NA,NA,NA,NA
"244","","","","",NA,NA,NA,NA,TRUE,NA,NA,NA,NA,NA,NA,NA
"245","","","","",NA,NA,NA,NA,TRUE,NA,NA,NA,NA,NA,NA,NA
"246","","","","",NA,NA,NA,NA,TRUE,NA,NA,NA,NA,NA,NA,NA
"247","","","","",NA,NA,NA,NA,TRUE,NA,NA,NA,NA,NA,NA,NA
"248","","","","",NA,NA,NA,NA,TRUE,NA,NA,NA,NA,NA,NA,NA
"249","","","","",NA,NA,NA,NA,TRUE,NA,NA,NA,NA,NA,NA,NA
"250","","","","",NA,NA,NA,NA,TRUE,NA,NA,NA,NA,NA,NA,NA
"251","","","","",NA,NA,NA,NA,TRUE,NA,NA,NA,NA,NA,NA,NA
"252","","","","",NA,NA,NA,NA,TRUE,NA,NA,NA,NA,NA,NA,NA
"253","","","","",NA,NA,NA,NA,TRUE,NA,NA,NA,NA,NA,NA,NA
"254","","","","",NA,NA,NA,NA,TRUE,NA,NA,NA,NA,NA,NA,NA
"255","","","","",NA,NA,NA,NA,TRUE,NA,NA,NA,NA,NA,NA,NA
"256","","","","",NA,NA,NA,NA,TRUE,NA,NA,NA,NA,NA,NA,NA
"257","","","","",NA,NA,NA,NA,TRUE,NA,NA,NA,NA,NA,NA,NA
"258","","","","",NA,NA,NA,NA,TRUE,NA,NA,NA,NA,NA,NA,NA
"259","","","","",NA,NA,NA,NA,TRUE,NA,NA,NA,NA,NA,NA,NA
"260","","","","",NA,NA,NA,NA,TRUE,NA,NA,NA,NA,NA,NA,NA
"261","","","","",NA,NA,NA,NA,TRUE,NA,NA,NA,NA,NA,NA,NA
"262","","","","",NA,NA,NA,NA,TRUE,NA,NA,NA,NA,NA,NA,NA
"263","","","","",NA,NA,NA,NA,TRUE,NA,NA,NA,NA,NA,NA,NA
"264","","","","",NA,NA,NA,NA,TRUE,NA,NA,NA,NA,NA,NA,NA
"265","","","","",NA,NA,NA,NA,TRUE,NA,NA,NA,NA,NA,NA,NA
"266","","","","",NA,NA,NA,NA,TRUE,NA,NA,NA,NA,NA,NA,NA
"267","","","","",NA,NA,NA,NA,TRUE,NA,NA,NA,NA,NA,NA,NA
"268","","","","",NA,NA,NA,NA,TRUE,NA,NA,NA,NA,NA,NA,NA
"269","","","","",NA,NA,NA,NA,TRUE,NA,NA,NA,NA,NA,NA,NA
"270","","","","",NA,NA,NA,NA,TRUE,NA,NA,NA,NA,NA,NA,NA
"271","","","","",NA,NA,NA,NA,TRUE,NA,NA,NA,NA,NA,NA,NA
"272","","","","",NA,NA,NA,NA,TRUE,NA,NA,NA,NA,NA,NA,NA
"273","","","","",NA,NA,NA,NA,TRUE,NA,NA,NA,NA,NA,NA,NA
"274","","","","",NA,NA,NA,NA,TRUE,NA,NA,NA,NA,NA,NA,NA
"275","","","","",NA,NA,NA,NA,TRUE,NA,NA,NA,NA,NA,NA,NA
"276","","","","",NA,NA,NA,NA,TRUE,NA,NA,NA,NA,NA,NA,NA
"277","","","","",NA,NA,NA,NA,TRUE,NA,NA,NA,NA,NA,NA,NA
"278","","","","",NA,NA,NA,NA,TRUE,NA,NA,NA,NA,NA,NA,NA
"279","","","","",NA,NA,NA,NA,TRUE,NA,NA,NA,NA,NA,NA,NA
"280","","","","",NA,NA,NA,NA,TRUE,NA,NA,NA,NA,NA,NA,NA
"281","","","","",NA,NA,NA,NA,TRUE,NA,NA,NA,NA,NA,NA,NA
"282","","","","",NA,NA,NA,NA,TRUE,NA,NA,NA,NA,NA,NA,NA
"283","","","","",NA,NA,NA,NA,TRUE,NA,NA,NA,NA,NA,NA,NA
"284","","","","",NA,NA,NA,NA,TRUE,NA,NA,NA,NA,NA,NA,NA
"285","","","","",NA,NA,NA,NA,TRUE,NA,NA,NA,NA,NA,NA,NA
"286","","","","",NA,NA,NA,NA,TRUE,NA,NA,NA,NA,NA,NA,NA
"287","","","","",NA,NA,NA,NA,TRUE,NA,NA,NA,NA,NA,NA,NA
"288","","","","",NA,NA,NA,NA,TRUE,NA,NA,NA,NA,NA,NA,NA
"289","","","","",NA,NA,NA,NA,TRUE,NA,NA,NA,NA,NA,NA,NA
"290","","","","",NA,NA,NA,NA,TRUE,NA,NA,NA,NA,NA,NA,NA
"291","","","","",NA,NA,NA,NA,TRUE,NA,NA,NA,NA,NA,NA,NA
"292","","","","",NA,NA,NA,NA,TRUE,NA,NA,NA,NA,NA,NA,NA
"293","","","","",NA,NA,NA,NA,TRUE,NA,NA,NA,NA,NA,NA,NA
"294","","","","",NA,NA,NA,NA,TRUE,NA,NA,NA,NA,NA,NA,NA
"295","","","","",NA,NA,NA,NA,TRUE,NA,NA,NA,NA,NA,NA,NA
"296","","","","",NA,NA,NA,NA,TRUE,NA,NA,NA,NA,NA,NA,NA
"297","","","","",NA,NA,NA,NA,TRUE,NA,NA,NA,NA,NA,NA,NA
"298","","","","",NA,NA,NA,NA,TRUE,NA,NA,NA,NA,NA,NA,NA
"299","","","","",NA,NA,NA,NA,TRUE,NA,NA,NA,NA,NA,NA,NA
"300","","","","",NA,NA,NA,NA,TRUE,NA,NA,NA,NA,NA,NA,NA
"301","","","","",NA,NA,NA,NA,TRUE,NA,NA,NA,NA,NA,NA,NA
"302","","","","",NA,NA,NA,NA,TRUE,NA,NA,NA,NA,NA,NA,NA
"303","","","","",NA,NA,NA,NA,TRUE,NA,NA,NA,NA,NA,NA,NA
"304","","","","",NA,NA,NA,NA,TRUE,NA,NA,NA,NA,NA,NA,NA
"305","","","","",NA,NA,NA,NA,TRUE,NA,NA,NA,NA,NA,NA,NA
"306","","","","",NA,NA,NA,NA,TRUE,NA,NA,NA,NA,NA,NA,NA
"307","","","","",NA,NA,NA,NA,TRUE,NA,NA,NA,NA,NA,NA,NA
"308","","","","",NA,NA,NA,NA,TRUE,NA,NA,NA,NA,NA,NA,NA
"309","","","","",NA,NA,NA,NA,TRUE,NA,NA,NA,NA,NA,NA,NA
"310","","","","",NA,NA,NA,NA,TRUE,NA,NA,NA,NA,NA,NA,NA
"311","","","","",NA,NA,NA,NA,TRUE,NA,NA,NA,NA,NA,NA,NA
"312","","","","",NA,NA,NA,NA,TRUE,NA,NA,NA,NA,NA,NA,NA
"313","","","","",NA,NA,NA,NA,TRUE,NA,NA,NA,NA,NA,NA,NA
"314","","","","",NA,NA,NA,NA,TRUE,NA,NA,NA,NA,NA,NA,NA
"315","","","","",NA,NA,NA,NA,TRUE,NA,NA,NA,NA,NA,NA,NA
"316","","","","",NA,NA,NA,NA,TRUE,NA,NA,NA,NA,NA,NA,NA
"317","","","","",NA,NA,NA,NA,TRUE,NA,NA,NA,NA,NA,NA,NA
"318","","","","",NA,NA,NA,NA,TRUE,NA,NA,NA,NA,NA,NA,NA
"319","","","","",NA,NA,NA,NA,TRUE,NA,NA,NA,NA,NA,NA,NA
"320","","","","",NA,NA,NA,NA,TRUE,NA,NA,NA,NA,NA,NA,NA
"321","","","","",NA,NA,NA,NA,TRUE,NA,NA,NA,NA,NA,NA,NA
"322","","","","",NA,NA,NA,NA,TRUE,NA,NA,NA,NA,NA,NA,NA
"323","","","","",NA,NA,NA,NA,TRUE,NA,NA,NA,NA,NA,NA,NA
"324","","","","",NA,NA,NA,NA,TRUE,NA,NA,NA,NA,NA,NA,NA
"325","","","","",NA,NA,NA,NA,TRUE,NA,NA,NA,NA,NA,NA,NA
"326","","","","",NA,NA,NA,NA,TRUE,NA,NA,NA,NA,NA,NA,NA
"327","","","","",NA,NA,NA,NA,TRUE,NA,NA,NA,NA,NA,NA,NA
"328","","","","",NA,NA,NA,NA,TRUE,NA,NA,NA,NA,NA,NA,NA
"329","","","","",NA,NA,NA,NA,TRUE,NA,NA,NA,NA,NA,NA,NA
"330","","","","",NA,NA,NA,NA,TRUE,NA,NA,NA,NA,NA,NA,NA
"331","","","","",NA,NA,NA,NA,TRUE,NA,NA,NA,NA,NA,NA,NA
"332","","","","",NA,NA,NA,NA,TRUE,NA,NA,NA,NA,NA,NA,NA
"333","","","","",NA,NA,NA,NA,TRUE,NA,NA,NA,NA,NA,NA,NA
"334","","","","",NA,NA,NA,NA,TRUE,NA,NA,NA,NA,NA,NA,NA
"335","","","","",NA,NA,NA,NA,TRUE,NA,NA,NA,NA,NA,NA,NA
"336","","","","",NA,NA,NA,NA,TRUE,NA,NA,NA,NA,NA,NA,NA
"337","","","","",NA,NA,NA,NA,TRUE,NA,NA,NA,NA,NA,NA,NA
"338","","","","",NA,NA,NA,NA,TRUE,NA,NA,NA,NA,NA,NA,NA
"339","","","","",NA,NA,NA,NA,TRUE,NA,NA,NA,NA,NA,NA,NA
"340","","","","",NA,NA,NA,NA,TRUE,NA,NA,NA,NA,NA,NA,NA
"341","","","","",NA,NA,NA,NA,TRUE,NA,NA,NA,NA,NA,NA,NA
"342","","","","",NA,NA,NA,NA,TRUE,NA,NA,NA,NA,NA,NA,NA
"343","","","","",NA,NA,NA,NA,TRUE,NA,NA,NA,NA,NA,NA,NA
"344","","","","",NA,NA,NA,NA,TRUE,NA,NA,NA,NA,NA,NA,NA
"345","","","","",NA,NA,NA,NA,TRUE,NA,NA,NA,NA,NA,NA,NA
"346","","","","",NA,NA,NA,NA,TRUE,NA,NA,NA,NA,NA,NA,NA
"347","","","","",NA,NA,NA,NA,TRUE,NA,NA,NA,NA,NA,NA,NA
"348","","","","",NA,NA,NA,NA,TRUE,NA,NA,NA,NA,NA,NA,NA
"349","","","","",NA,NA,NA,NA,TRUE,NA,NA,NA,NA,NA,NA,NA
"350","","","","",NA,NA,NA,NA,TRUE,NA,NA,NA,NA,NA,NA,NA
"351","","","","",NA,NA,NA,NA,TRUE,NA,NA,NA,NA,NA,NA,NA
"352","","","","",NA,NA,NA,NA,TRUE,NA,NA,NA,NA,NA,NA,NA
"353","","","","",NA,NA,NA,NA,TRUE,NA,NA,NA,NA,NA,NA,NA
"354","","","","",NA,NA,NA,NA,TRUE,NA,NA,NA,NA,NA,NA,NA
"355","","","","",NA,NA,NA,NA,TRUE,NA,NA,NA,NA,NA,NA,NA
"356","","","","",NA,NA,NA,NA,TRUE,NA,NA,NA,NA,NA,NA,NA
"357","","","","",NA,NA,NA,NA,TRUE,NA,NA,NA,NA,NA,NA,NA
"358","","","","",NA,NA,NA,NA,TRUE,NA,NA,NA,NA,NA,NA,NA
"359","","","","",NA,NA,NA,NA,TRUE,NA,NA,NA,NA,NA,NA,NA
"360","","","","",NA,NA,NA,NA,TRUE,NA,NA,NA,NA,NA,NA,NA
"361","","","","",NA,NA,NA,NA,TRUE,NA,NA,NA,NA,NA,NA,NA
"362","","","","",NA,NA,NA,NA,TRUE,NA,NA,NA,NA,NA,NA,NA
"363","","","","",NA,NA,NA,NA,TRUE,NA,NA,NA,NA,NA,NA,NA
"364","","","","",NA,NA,NA,NA,TRUE,NA,NA,NA,NA,NA,NA,NA
"365","","","","",NA,NA,NA,NA,TRUE,NA,NA,NA,NA,NA,NA,NA
"366","","","","",NA,NA,NA,NA,TRUE,NA,NA,NA,NA,NA,NA,NA
"367","","","","",NA,NA,NA,NA,TRUE,NA,NA,NA,NA,NA,NA,NA
"368","","","","",NA,NA,NA,NA,TRUE,NA,NA,NA,NA,NA,NA,NA
"369","","","","",NA,NA,NA,NA,TRUE,NA,NA,NA,NA,NA,NA,NA
"370","","","","",NA,NA,NA,NA,TRUE,NA,NA,NA,NA,NA,NA,NA
"371","","","","",NA,NA,NA,NA,TRUE,NA,NA,NA,NA,NA,NA,NA
"372","","","","",NA,NA,NA,NA,TRUE,NA,NA,NA,NA,NA,NA,NA
"373","","","","",NA,NA,NA,NA,TRUE,NA,NA,NA,NA,NA,NA,NA
"374","","","","",NA,NA,NA,NA,TRUE,NA,NA,NA,NA,NA,NA,NA
"375","","","","",NA,NA,NA,NA,TRUE,NA,NA,NA,NA,NA,NA,NA
"376","","","","",NA,NA,NA,NA,TRUE,NA,NA,NA,NA,NA,NA,NA
"377","","","","",NA,NA,NA,NA,TRUE,NA,NA,NA,NA,NA,NA,NA
"378","","","","",NA,NA,NA,NA,TRUE,NA,NA,NA,NA,NA,NA,NA
"379","","","","",NA,NA,NA,NA,TRUE,NA,NA,NA,NA,NA,NA,NA
"380","","","","",NA,NA,NA,NA,TRUE,NA,NA,NA,NA,NA,NA,NA
"381","","","","",NA,NA,NA,NA,TRUE,NA,NA,NA,NA,NA,NA,NA
"382","","","","",NA,NA,NA,NA,TRUE,NA,NA,NA,NA,NA,NA,NA
"383","","","","",NA,NA,NA,NA,TRUE,NA,NA,NA,NA,NA,NA,NA
"384","","","","",NA,NA,NA,NA,TRUE,NA,NA,NA,NA,NA,NA,NA
"385","","","","",NA,NA,NA,NA,TRUE,NA,NA,NA,NA,NA,NA,NA
"386","","","","",NA,NA,NA,NA,TRUE,NA,NA,NA,NA,NA,NA,NA
"387","","","","",NA,NA,NA,NA,TRUE,NA,NA,NA,NA,NA,NA,NA
"388","","","","",NA,NA,NA,NA,TRUE,NA,NA,NA,NA,NA,NA,NA
"389","","","","",NA,NA,NA,NA,TRUE,NA,NA,NA,NA,NA,NA,NA
"390","","","","",NA,NA,NA,NA,TRUE,NA,NA,NA,NA,NA,NA,NA
"391","","","","",NA,NA,NA,NA,TRUE,NA,NA,NA,NA,NA,NA,NA
"392","","","","",NA,NA,NA,NA,TRUE,NA,NA,NA,NA,NA,NA,NA
"393","","","","",NA,NA,NA,NA,TRUE,NA,NA,NA,NA,NA,NA,NA
"394","","","","",NA,NA,NA,NA,TRUE,NA,NA,NA,NA,NA,NA,NA
"395","","","","",NA,NA,NA,NA,TRUE,NA,NA,NA,NA,NA,NA,NA
"396","","","","",NA,NA,NA,NA,TRUE,NA,NA,NA,NA,NA,NA,NA
"397","","","","",NA,NA,NA,NA,TRUE,NA,NA,NA,NA,NA,NA,NA
"398","","","","",NA,NA,NA,NA,TRUE,NA,NA,NA,NA,NA,NA,NA
"399","","","","",NA,NA,NA,NA,TRUE,NA,NA,NA,NA,NA,NA,NA
"400","","","","",NA,NA,NA,NA,TRUE,NA,NA,NA,NA,NA,NA,NA
"401","","","","",NA,NA,NA,NA,TRUE,NA,NA,NA,NA,NA,NA,NA
"402","","","","",NA,NA,NA,NA,TRUE,NA,NA,NA,NA,NA,NA,NA
"403","","","","",NA,NA,NA,NA,TRUE,NA,NA,NA,NA,NA,NA,NA
"404","","","","",NA,NA,NA,NA,TRUE,NA,NA,NA,NA,NA,NA,NA
"405","","","","",NA,NA,NA,NA,TRUE,NA,NA,NA,NA,NA,NA,NA
"406","","","","",NA,NA,NA,NA,TRUE,NA,NA,NA,NA,NA,NA,NA
"407","","","","",NA,NA,NA,NA,TRUE,NA,NA,NA,NA,NA,NA,NA
"408","","","","",NA,NA,NA,NA,TRUE,NA,NA,NA,NA,NA,NA,NA
"409","","","","",NA,NA,NA,NA,TRUE,NA,NA,NA,NA,NA,NA,NA
"410","","","","",NA,NA,NA,NA,TRUE,NA,NA,NA,NA,NA,NA,NA
"411","","","","",NA,NA,NA,NA,TRUE,NA,NA,NA,NA,NA,NA,NA
"412","","","","",NA,NA,NA,NA,TRUE,NA,NA,NA,NA,NA,NA,NA
"413","","","","",NA,NA,NA,NA,TRUE,NA,NA,NA,NA,NA,NA,NA
"414","","","","",NA,NA,NA,NA,TRUE,NA,NA,NA,NA,NA,NA,NA
"415","","","","",NA,NA,NA,NA,TRUE,NA,NA,NA,NA,NA,NA,NA
"416","","","","",NA,NA,NA,NA,TRUE,NA,NA,NA,NA,NA,NA,NA
"417","","","","",NA,NA,NA,NA,TRUE,NA,NA,NA,NA,NA,NA,NA
"418","","","","",NA,NA,NA,NA,TRUE,NA,NA,NA,NA,NA,NA,NA
"419","","","","",NA,NA,NA,NA,TRUE,NA,NA,NA,NA,NA,NA,NA
"420","","","","",NA,NA,NA,NA,TRUE,NA,NA,NA,NA,NA,NA,NA
"421","","","","",NA,NA,NA,NA,TRUE,NA,NA,NA,NA,NA,NA,NA
"422","","","","",NA,NA,NA,NA,TRUE,NA,NA,NA,NA,NA,NA,NA
"423","","","","",NA,NA,NA,NA,TRUE,NA,NA,NA,NA,NA,NA,NA
"424","","","","",NA,NA,NA,NA,TRUE,NA,NA,NA,NA,NA,NA,NA
"425","","","","",NA,NA,NA,NA,TRUE,NA,NA,NA,NA,NA,NA,NA
"426","","","","",NA,NA,NA,NA,TRUE,NA,NA,NA,NA,NA,NA,NA
"427","","","","",NA,NA,NA,NA,TRUE,NA,NA,NA,NA,NA,NA,NA
"428","","","","",NA,NA,NA,NA,TRUE,NA,NA,NA,NA,NA,NA,NA
"429","","","","",NA,NA,NA,NA,TRUE,NA,NA,NA,NA,NA,NA,NA
"430","","","","",NA,NA,NA,NA,TRUE,NA,NA,NA,NA,NA,NA,NA
"431","","","","",NA,NA,NA,NA,TRUE,NA,NA,NA,NA,NA,NA,NA
"432","","","","",NA,NA,NA,NA,TRUE,NA,NA,NA,NA,NA,NA,NA
"433","","","","",NA,NA,NA,NA,TRUE,NA,NA,NA,NA,NA,NA,NA
"434","","","","",NA,NA,NA,NA,TRUE,NA,NA,NA,NA,NA,NA,NA
"435","","","","",NA,NA,NA,NA,TRUE,NA,NA,NA,NA,NA,NA,NA
"436","","","","",NA,NA,NA,NA,TRUE,NA,NA,NA,NA,NA,NA,NA
"437","","","","",NA,NA,NA,NA,TRUE,NA,NA,NA,NA,NA,NA,NA
"438","","","","",NA,NA,NA,NA,TRUE,NA,NA,NA,NA,NA,NA,NA
"439","","","","",NA,NA,NA,NA,TRUE,NA,NA,NA,NA,NA,NA,NA
"440","","","","",NA,NA,NA,NA,TRUE,NA,NA,NA,NA,NA,NA,NA
"441","","","","",NA,NA,NA,NA,TRUE,NA,NA,NA,NA,NA,NA,NA
"442","","","","",NA,NA,NA,NA,TRUE,NA,NA,NA,NA,NA,NA,NA
"443","","","","",NA,NA,NA,NA,TRUE,NA,NA,NA,NA,NA,NA,NA
"444","","","","",NA,NA,NA,NA,TRUE,NA,NA,NA,NA,NA,NA,NA
"445","","","","",NA,NA,NA,NA,TRUE,NA,NA,NA,NA,NA,NA,NA
"446","","","","",NA,NA,NA,NA,TRUE,NA,NA,NA,NA,NA,NA,NA
"447","","","","",NA,NA,NA,NA,TRUE,NA,NA,NA,NA,NA,NA,NA
"448","","","","",NA,NA,NA,NA,TRUE,NA,NA,NA,NA,NA,NA,NA
"449","","","","",NA,NA,NA,NA,TRUE,NA,NA,NA,NA,NA,NA,NA
"450","","","","",NA,NA,NA,NA,TRUE,NA,NA,NA,NA,NA,NA,NA
"451","","","","",NA,NA,NA,NA,TRUE,NA,NA,NA,NA,NA,NA,NA
"452","","","","",NA,NA,NA,NA,TRUE,NA,NA,NA,NA,NA,NA,NA
"453","","","","",NA,NA,NA,NA,TRUE,NA,NA,NA,NA,NA,NA,NA
"454","","","","",NA,NA,NA,NA,TRUE,NA,NA,NA,NA,NA,NA,NA
"455","","","","",NA,NA,NA,NA,TRUE,NA,NA,NA,NA,NA,NA,NA
"456","","","","",NA,NA,NA,NA,TRUE,NA,NA,NA,NA,NA,NA,NA
"457","","","","",NA,NA,NA,NA,TRUE,NA,NA,NA,NA,NA,NA,NA
"458","","","","",NA,NA,NA,NA,TRUE,NA,NA,NA,NA,NA,NA,NA
"459","","","","",NA,NA,NA,NA,TRUE,NA,NA,NA,NA,NA,NA,NA
"460","","","","",NA,NA,NA,NA,TRUE,NA,NA,NA,NA,NA,NA,NA
"461","","","","",NA,NA,NA,NA,TRUE,NA,NA,NA,NA,NA,NA,NA
"462","","","","",NA,NA,NA,NA,TRUE,NA,NA,NA,NA,NA,NA,NA
"463","","","","",NA,NA,NA,NA,TRUE,NA,NA,NA,NA,NA,NA,NA
"464","","","","",NA,NA,NA,NA,TRUE,NA,NA,NA,NA,NA,NA,NA
"465","","","","",NA,NA,NA,NA,TRUE,NA,NA,NA,NA,NA,NA,NA
"466","","","","",NA,NA,NA,NA,TRUE,NA,NA,NA,NA,NA,NA,NA
"467","","","","",NA,NA,NA,NA,TRUE,NA,NA,NA,NA,NA,NA,NA
"468","","","","",NA,NA,NA,NA,TRUE,NA,NA,NA,NA,NA,NA,NA
"469","","","","",NA,NA,NA,NA,TRUE,NA,NA,NA,NA,NA,NA,NA
"470","","","","",NA,NA,NA,NA,TRUE,NA,NA,NA,NA,NA,NA,NA
"471","","","","",NA,NA,NA,NA,TRUE,NA,NA,NA,NA,NA,NA,NA
"472","","","","",NA,NA,NA,NA,TRUE,NA,NA,NA,NA,NA,NA,NA
"473","","","","",NA,NA,NA,NA,TRUE,NA,NA,NA,NA,NA,NA,NA
"474","","","","",NA,NA,NA,NA,TRUE,NA,NA,NA,NA,NA,NA,NA
"475","","","","",NA,NA,NA,NA,TRUE,NA,NA,NA,NA,NA,NA,NA
"476","","","","",NA,NA,NA,NA,TRUE,NA,NA,NA,NA,NA,NA,NA
"477","","","","",NA,NA,NA,NA,TRUE,NA,NA,NA,NA,NA,NA,NA
"478","","","","",NA,NA,NA,NA,TRUE,NA,NA,NA,NA,NA,NA,NA
"479","","","","",NA,NA,NA,NA,TRUE,NA,NA,NA,NA,NA,NA,NA
"480","","","","",NA,NA,NA,NA,TRUE,NA,NA,NA,NA,NA,NA,NA
"481","","","","",NA,NA,NA,NA,TRUE,NA,NA,NA,NA,NA,NA,NA
"482","","","","",NA,NA,NA,NA,TRUE,NA,NA,NA,NA,NA,NA,NA
"483","","","","",NA,NA,NA,NA,TRUE,NA,NA,NA,NA,NA,NA,NA
"484","","","","",NA,NA,NA,NA,TRUE,NA,NA,NA,NA,NA,NA,NA
"485","","","","",NA,NA,NA,NA,TRUE,NA,NA,NA,NA,NA,NA,NA
"486","","","","",NA,NA,NA,NA,TRUE,NA,NA,NA,NA,NA,NA,NA
"487","","","","",NA,NA,NA,NA,TRUE,NA,NA,NA,NA,NA,NA,NA
"488","","","","",NA,NA,NA,NA,TRUE,NA,NA,NA,NA,NA,NA,NA
"489","","","","",NA,NA,NA,NA,TRUE,NA,NA,NA,NA,NA,NA,NA
"490","","","","",NA,NA,NA,NA,TRUE,NA,NA,NA,NA,NA,NA,NA
"491","","","","",NA,NA,NA,NA,TRUE,NA,NA,NA,NA,NA,NA,NA
"492","","","","",NA,NA,NA,NA,TRUE,NA,NA,NA,NA,NA,NA,NA
"493","","","","",NA,NA,NA,NA,TRUE,NA,NA,NA,NA,NA,NA,NA
"494","","","","",NA,NA,NA,NA,TRUE,NA,NA,NA,NA,NA,NA,NA
"495","","","","",NA,NA,NA,NA,TRUE,NA,NA,NA,NA,NA,NA,NA
"496","","","","",NA,NA,NA,NA,TRUE,NA,NA,NA,NA,NA,NA,NA
"497","","","","",NA,NA,NA,NA,TRUE,NA,NA,NA,NA,NA,NA,NA
"498","","","","",NA,NA,NA,NA,TRUE,NA,NA,NA,NA,NA,NA,NA
"499","","","","",NA,NA,NA,NA,TRUE,NA,NA,NA,NA,NA,NA,NA
"500","","","","",NA,NA,NA,NA,TRUE,NA,NA,NA,NA,NA,NA,NA
"501","","","","",NA,NA,NA,NA,TRUE,NA,NA,NA,NA,NA,NA,NA
"502","","","","",NA,NA,NA,NA,TRUE,NA,NA,NA,NA,NA,NA,NA
"503","","","","",NA,NA,NA,NA,TRUE,NA,NA,NA,NA,NA,NA,NA
"504","","","","",NA,NA,NA,NA,TRUE,NA,NA,NA,NA,NA,NA,NA
"505","","","","",NA,NA,NA,NA,TRUE,NA,NA,NA,NA,NA,NA,NA
"506","","","","",NA,NA,NA,NA,TRUE,NA,NA,NA,NA,NA,NA,NA
"507","","","","",NA,NA,NA,NA,TRUE,NA,NA,NA,NA,NA,NA,NA
"508","","","","",NA,NA,NA,NA,TRUE,NA,NA,NA,NA,NA,NA,NA
"509","","","","",NA,NA,NA,NA,TRUE,NA,NA,NA,NA,NA,NA,NA
"510","","","","",NA,NA,NA,NA,TRUE,NA,NA,NA,NA,NA,NA,NA
"511","","","","",NA,NA,NA,NA,TRUE,NA,NA,NA,NA,NA,NA,NA
"512","","","","",NA,NA,NA,NA,TRUE,NA,NA,NA,NA,NA,NA,NA
"513","","","","",NA,NA,NA,NA,TRUE,NA,NA,NA,NA,NA,NA,NA
"514","","","","",NA,NA,NA,NA,TRUE,NA,NA,NA,NA,NA,NA,NA
"515","","","","",NA,NA,NA,NA,TRUE,NA,NA,NA,NA,NA,NA,NA
"516","","","","",NA,NA,NA,NA,TRUE,NA,NA,NA,NA,NA,NA,NA
"517","","","","",NA,NA,NA,NA,TRUE,NA,NA,NA,NA,NA,NA,NA
"518","","","","",NA,NA,NA,NA,TRUE,NA,NA,NA,NA,NA,NA,NA
"519","","","","",NA,NA,NA,NA,TRUE,NA,NA,NA,NA,NA,NA,NA
"520","","","","",NA,NA,NA,NA,TRUE,NA,NA,NA,NA,NA,NA,NA
"521","","","","",NA,NA,NA,NA,TRUE,NA,NA,NA,NA,NA,NA,NA
"522","","","","",NA,NA,NA,NA,TRUE,NA,NA,NA,NA,NA,NA,NA
"523","","","","",NA,NA,NA,NA,TRUE,NA,NA,NA,NA,NA,NA,NA
"524","","","","",NA,NA,NA,NA,TRUE,NA,NA,NA,NA,NA,NA,NA
"525","","","","",NA,NA,NA,NA,TRUE,NA,NA,NA,NA,NA,NA,NA
"526","","","","",NA,NA,NA,NA,TRUE,NA,NA,NA,NA,NA,NA,NA
"527","","","","",NA,NA,NA,NA,TRUE,NA,NA,NA,NA,NA,NA,NA
"528","","","","",NA,NA,NA,NA,TRUE,NA,NA,NA,NA,NA,NA,NA
"529","","","","",NA,NA,NA,NA,TRUE,NA,NA,NA,NA,NA,NA,NA
"530","","","","",NA,NA,NA,NA,TRUE,NA,NA,NA,NA,NA,NA,NA
"531","","","","",NA,NA,NA,NA,TRUE,NA,NA,NA,NA,NA,NA,NA
"532","","","","",NA,NA,NA,NA,TRUE,NA,NA,NA,NA,NA,NA,NA
"533","","","","",NA,NA,NA,NA,TRUE,NA,NA,NA,NA,NA,NA,NA
"534","","","","",NA,NA,NA,NA,TRUE,NA,NA,NA,NA,NA,NA,NA
"535","","","","",NA,NA,NA,NA,TRUE,NA,NA,NA,NA,NA,NA,NA
"536","","","","",NA,NA,NA,NA,TRUE,NA,NA,NA,NA,NA,NA,NA
"537","","","","",NA,NA,NA,NA,TRUE,NA,NA,NA,NA,NA,NA,NA
"538","","","","",NA,NA,NA,NA,TRUE,NA,NA,NA,NA,NA,NA,NA
"539","","","","",NA,NA,NA,NA,TRUE,NA,NA,NA,NA,NA,NA,NA
"540","","","","",NA,NA,NA,NA,TRUE,NA,NA,NA,NA,NA,NA,NA
"541","","","","",NA,NA,NA,NA,TRUE,NA,NA,NA,NA,NA,NA,NA
"542","","","","",NA,NA,NA,NA,TRUE,NA,NA,NA,NA,NA,NA,NA
"543","","","","",NA,NA,NA,NA,TRUE,NA,NA,NA,NA,NA,NA,NA
"544","","","","",NA,NA,NA,NA,TRUE,NA,NA,NA,NA,NA,NA,NA
"545","","","","",NA,NA,NA,NA,TRUE,NA,NA,NA,NA,NA,NA,NA
"546","","","","",NA,NA,NA,NA,TRUE,NA,NA,NA,NA,NA,NA,NA
"547","","","","",NA,NA,NA,NA,TRUE,NA,NA,NA,NA,NA,NA,NA
"548","","","","",NA,NA,NA,NA,TRUE,NA,NA,NA,NA,NA,NA,NA
"549","","","","",NA,NA,NA,NA,TRUE,NA,NA,NA,NA,NA,NA,NA
"550","","","","",NA,NA,NA,NA,TRUE,NA,NA,NA,NA,NA,NA,NA
"551","","","","",NA,NA,NA,NA,TRUE,NA,NA,NA,NA,NA,NA,NA
"552","","","","",NA,NA,NA,NA,TRUE,NA,NA,NA,NA,NA,NA,NA
"553","","","","",NA,NA,NA,NA,TRUE,NA,NA,NA,NA,NA,NA,NA
"554","","","","",NA,NA,NA,NA,TRUE,NA,NA,NA,NA,NA,NA,NA
"555","","","","",NA,NA,NA,NA,TRUE,NA,NA,NA,NA,NA,NA,NA
"556","","","","",NA,NA,NA,NA,TRUE,NA,NA,NA,NA,NA,NA,NA
"557","","","","",NA,NA,NA,NA,TRUE,NA,NA,NA,NA,NA,NA,NA
"558","","","","",NA,NA,NA,NA,TRUE,NA,NA,NA,NA,NA,NA,NA
"559","","","","",NA,NA,NA,NA,TRUE,NA,NA,NA,NA,NA,NA,NA
"560","","","","",NA,NA,NA,NA,TRUE,NA,NA,NA,NA,NA,NA,NA
"561","","","","",NA,NA,NA,NA,TRUE,NA,NA,NA,NA,NA,NA,NA
"562","","","","",NA,NA,NA,NA,TRUE,NA,NA,NA,NA,NA,NA,NA
"563","","","","",NA,NA,NA,NA,TRUE,NA,NA,NA,NA,NA,NA,NA
"564","","","","",NA,NA,NA,NA,TRUE,NA,NA,NA,NA,NA,NA,NA
"565","","","","",NA,NA,NA,NA,TRUE,NA,NA,NA,NA,NA,NA,NA
"566","","","","",NA,NA,NA,NA,TRUE,NA,NA,NA,NA,NA,NA,NA
"567","","","","",NA,NA,NA,NA,TRUE,NA,NA,NA,NA,NA,NA,NA
"568","","","","",NA,NA,NA,NA,TRUE,NA,NA,NA,NA,NA,NA,NA
"569","","","","",NA,NA,NA,NA,TRUE,NA,NA,NA,NA,NA,NA,NA
"570","","","","",NA,NA,NA,NA,TRUE,NA,NA,NA,NA,NA,NA,NA
"571","","","","",NA,NA,NA,NA,TRUE,NA,NA,NA,NA,NA,NA,NA
"572","","","","",NA,NA,NA,NA,TRUE,NA,NA,NA,NA,NA,NA,NA
"573","","","","",NA,NA,NA,NA,TRUE,NA,NA,NA,NA,NA,NA,NA
"574","","","","",NA,NA,NA,NA,TRUE,NA,NA,NA,NA,NA,NA,NA
"575","","","","",NA,NA,NA,NA,TRUE,NA,NA,NA,NA,NA,NA,NA
"576","","","","",NA,NA,NA,NA,TRUE,NA,NA,NA,NA,NA,NA,NA
"577","","","","",NA,NA,NA,NA,TRUE,NA,NA,NA,NA,NA,NA,NA
"578","","","","",NA,NA,NA,NA,TRUE,NA,NA,NA,NA,NA,NA,NA
"579","","","","",NA,NA,NA,NA,TRUE,NA,NA,NA,NA,NA,NA,NA
"580","","","","",NA,NA,NA,NA,TRUE,NA,NA,NA,NA,NA,NA,NA
"581","","","","",NA,NA,NA,NA,TRUE,NA,NA,NA,NA,NA,NA,NA
"582","","","","",NA,NA,NA,NA,TRUE,NA,NA,NA,NA,NA,NA,NA
"583","","","","",NA,NA,NA,NA,TRUE,NA,NA,NA,NA,NA,NA,NA
"584","","","","",NA,NA,NA,NA,TRUE,NA,NA,NA,NA,NA,NA,NA
"585","","","","",NA,NA,NA,NA,TRUE,NA,NA,NA,NA,NA,NA,NA
"586","","","","",NA,NA,NA,NA,TRUE,NA,NA,NA,NA,NA,NA,NA
"587","","","","",NA,NA,NA,NA,TRUE,NA,NA,NA,NA,NA,NA,NA
"588","","","","",NA,NA,NA,NA,TRUE,NA,NA,NA,NA,NA,NA,NA
"589","","","","",NA,NA,NA,NA,TRUE,NA,NA,NA,NA,NA,NA,NA
"590","","","","",NA,NA,NA,NA,TRUE,NA,NA,NA,NA,NA,NA,NA
"591","","","","",NA,NA,NA,NA,TRUE,NA,NA,NA,NA,NA,NA,NA
"592","","","","",NA,NA,NA,NA,TRUE,NA,NA,NA,NA,NA,NA,NA
"593","","","","",NA,NA,NA,NA,TRUE,NA,NA,NA,NA,NA,NA,NA
"594","","","","",NA,NA,NA,NA,TRUE,NA,NA,NA,NA,NA,NA,NA
"595","","","","",NA,NA,NA,NA,TRUE,NA,NA,NA,NA,NA,NA,NA
"596","","","","",NA,NA,NA,NA,TRUE,NA,NA,NA,NA,NA,NA,NA
"597","","","","",NA,NA,NA,NA,TRUE,NA,NA,NA,NA,NA,NA,NA
"598","","","","",NA,NA,NA,NA,TRUE,NA,NA,NA,NA,NA,NA,NA
"599","","","","",NA,NA,NA,NA,TRUE,NA,NA,NA,NA,NA,NA,NA
"600","","","","",NA,NA,NA,NA,TRUE,NA,NA,NA,NA,NA,NA,NA
"601","","","","",NA,NA,NA,NA,TRUE,NA,NA,NA,NA,NA,NA,NA
"602","","","","",NA,NA,NA,NA,TRUE,NA,NA,NA,NA,NA,NA,NA
"603","","","","",NA,NA,NA,NA,TRUE,NA,NA,NA,NA,NA,NA,NA
"604","","","","",NA,NA,NA,NA,TRUE,NA,NA,NA,NA,NA,NA,NA
"605","","","","",NA,NA,NA,NA,TRUE,NA,NA,NA,NA,NA,NA,NA
"606","","","","",NA,NA,NA,NA,TRUE,NA,NA,NA,NA,NA,NA,NA
"607","","","","",NA,NA,NA,NA,TRUE,NA,NA,NA,NA,NA,NA,NA
"608","","","","",NA,NA,NA,NA,TRUE,NA,NA,NA,NA,NA,NA,NA
"609","","","","",NA,NA,NA,NA,TRUE,NA,NA,NA,NA,NA,NA,NA
"610","","","","",NA,NA,NA,NA,TRUE,NA,NA,NA,NA,NA,NA,NA
"611","","","","",NA,NA,NA,NA,TRUE,NA,NA,NA,NA,NA,NA,NA
"612","","","","",NA,NA,NA,NA,TRUE,NA,NA,NA,NA,NA,NA,NA
"613","","","","",NA,NA,NA,NA,TRUE,NA,NA,NA,NA,NA,NA,NA
"614","","","","",NA,NA,NA,NA,TRUE,NA,NA,NA,NA,NA,NA,NA
"615","","","","",NA,NA,NA,NA,TRUE,NA,NA,NA,NA,NA,NA,NA
"616","","","","",NA,NA,NA,NA,TRUE,NA,NA,NA,NA,NA,NA,NA
"617","","","","",NA,NA,NA,NA,TRUE,NA,NA,NA,NA,NA,NA,NA
"618","","","","",NA,NA,NA,NA,TRUE,NA,NA,NA,NA,NA,NA,NA
"619","","","","",NA,NA,NA,NA,TRUE,NA,NA,NA,NA,NA,NA,NA
"620","","","","",NA,NA,NA,NA,TRUE,NA,NA,NA,NA,NA,NA,NA
"621","","","","",NA,NA,NA,NA,TRUE,NA,NA,NA,NA,NA,NA,NA
"622","","","","",NA,NA,NA,NA,TRUE,NA,NA,NA,NA,NA,NA,NA
"623","","","","",NA,NA,NA,NA,TRUE,NA,NA,NA,NA,NA,NA,NA
"624","","","","",NA,NA,NA,NA,TRUE,NA,NA,NA,NA,NA,NA,NA
"625","","","","",NA,NA,NA,NA,TRUE,NA,NA,NA,NA,NA,NA,NA
"626","","","","",NA,NA,NA,NA,TRUE,NA,NA,NA,NA,NA,NA,NA
"627","","","","",NA,NA,NA,NA,TRUE,NA,NA,NA,NA,NA,NA,NA
"628","","","","",NA,NA,NA,NA,TRUE,NA,NA,NA,NA,NA,NA,NA
"629","","","","",NA,NA,NA,NA,TRUE,NA,NA,NA,NA,NA,NA,NA
"630","","","","",NA,NA,NA,NA,TRUE,NA,NA,NA,NA,NA,NA,NA
"631","","","","",NA,NA,NA,NA,TRUE,NA,NA,NA,NA,NA,NA,NA
"632","","","","",NA,NA,NA,NA,TRUE,NA,NA,NA,NA,NA,NA,NA
"633","","","","",NA,NA,NA,NA,TRUE,NA,NA,NA,NA,NA,NA,NA
"634","","","","",NA,NA,NA,NA,TRUE,NA,NA,NA,NA,NA,NA,NA
"635","","","","",NA,NA,NA,NA,TRUE,NA,NA,NA,NA,NA,NA,NA
"636","","","","",NA,NA,NA,NA,TRUE,NA,NA,NA,NA,NA,NA,NA
"637","","","","",NA,NA,NA,NA,TRUE,NA,NA,NA,NA,NA,NA,NA
"638","","","","",NA,NA,NA,NA,TRUE,NA,NA,NA,NA,NA,NA,NA
"639","","","","",NA,NA,NA,NA,TRUE,NA,NA,NA,NA,NA,NA,NA
"640","","","","",NA,NA,NA,NA,TRUE,NA,NA,NA,NA,NA,NA,NA
"641","","","","",NA,NA,NA,NA,TRUE,NA,NA,NA,NA,NA,NA,NA
"642","","","","",NA,NA,NA,NA,TRUE,NA,NA,NA,NA,NA,NA,NA
"643","","","","",NA,NA,NA,NA,TRUE,NA,NA,NA,NA,NA,NA,NA
"644","","","","",NA,NA,NA,NA,TRUE,NA,NA,NA,NA,NA,NA,NA
"645","","","","",NA,NA,NA,NA,TRUE,NA,NA,NA,NA,NA,NA,NA
"646","","","","",NA,NA,NA,NA,TRUE,NA,NA,NA,NA,NA,NA,NA
"647","","","","",NA,NA,NA,NA,TRUE,NA,NA,NA,NA,NA,NA,NA
"648","","","","",NA,NA,NA,NA,TRUE,NA,NA,NA,NA,NA,NA,NA
"649","","","","",NA,NA,NA,NA,TRUE,NA,NA,NA,NA,NA,NA,NA
"650","","","","",NA,NA,NA,NA,TRUE,NA,NA,NA,NA,NA,NA,NA
"651","","","","",NA,NA,NA,NA,TRUE,NA,NA,NA,NA,NA,NA,NA
"652","","","","",NA,NA,NA,NA,TRUE,NA,NA,NA,NA,NA,NA,NA
"653","","","","",NA,NA,NA,NA,TRUE,NA,NA,NA,NA,NA,NA,NA
"654","","","","",NA,NA,NA,NA,TRUE,NA,NA,NA,NA,NA,NA,NA
"655","","","","",NA,NA,NA,NA,TRUE,NA,NA,NA,NA,NA,NA,NA
"656","","","","",NA,NA,NA,NA,TRUE,NA,NA,NA,NA,NA,NA,NA
"657","","","","",NA,NA,NA,NA,TRUE,NA,NA,NA,NA,NA,NA,NA
"658","","","","",NA,NA,NA,NA,TRUE,NA,NA,NA,NA,NA,NA,NA
"659","","","","",NA,NA,NA,NA,TRUE,NA,NA,NA,NA,NA,NA,NA
"660","","","","",NA,NA,NA,NA,TRUE,NA,NA,NA,NA,NA,NA,NA
"661","","","","",NA,NA,NA,NA,TRUE,NA,NA,NA,NA,NA,NA,NA
"662","","","","",NA,NA,NA,NA,TRUE,NA,NA,NA,NA,NA,NA,NA
"663","","","","",NA,NA,NA,NA,TRUE,NA,NA,NA,NA,NA,NA,NA
"664","","","","",NA,NA,NA,NA,TRUE,NA,NA,NA,NA,NA,NA,NA
"665","","","","",NA,NA,NA,NA,TRUE,NA,NA,NA,NA,NA,NA,NA
"666","","","","",NA,NA,NA,NA,TRUE,NA,NA,NA,NA,NA,NA,NA
"667","","","","",NA,NA,NA,NA,TRUE,NA,NA,NA,NA,NA,NA,NA
"668","","","","",NA,NA,NA,NA,TRUE,NA,NA,NA,NA,NA,NA,NA
"669","","","","",NA,NA,NA,NA,TRUE,NA,NA,NA,NA,NA,NA,NA
"670","","","","",NA,NA,NA,NA,TRUE,NA,NA,NA,NA,NA,NA,NA
"671","","","","",NA,NA,NA,NA,TRUE,NA,NA,NA,NA,NA,NA,NA
"672","","","","",NA,NA,NA,NA,TRUE,NA,NA,NA,NA,NA,NA,NA
"673","","","","",NA,NA,NA,NA,TRUE,NA,NA,NA,NA,NA,NA,NA
"674","","","","",NA,NA,NA,NA,TRUE,NA,NA,NA,NA,NA,NA,NA
"675","","","","",NA,NA,NA,NA,TRUE,NA,NA,NA,NA,NA,NA,NA
"676","","","","",NA,NA,NA,NA,TRUE,NA,NA,NA,NA,NA,NA,NA
"677","","","","",NA,NA,NA,NA,TRUE,NA,NA,NA,NA,NA,NA,NA
"678","","","","",NA,NA,NA,NA,TRUE,NA,NA,NA,NA,NA,NA,NA
"679","","","","",NA,NA,NA,NA,TRUE,NA,NA,NA,NA,NA,NA,NA
"680","","","","",NA,NA,NA,NA,TRUE,NA,NA,NA,NA,NA,NA,NA
"681","","","","",NA,NA,NA,NA,TRUE,NA,NA,NA,NA,NA,NA,NA
"682","","","","",NA,NA,NA,NA,TRUE,NA,NA,NA,NA,NA,NA,NA
"683","","","","",NA,NA,NA,NA,TRUE,NA,NA,NA,NA,NA,NA,NA
"684","","","","",NA,NA,NA,NA,TRUE,NA,NA,NA,NA,NA,NA,NA
"685","","","","",NA,NA,NA,NA,TRUE,NA,NA,NA,NA,NA,NA,NA
"686","","","","",NA,NA,NA,NA,TRUE,NA,NA,NA,NA,NA,NA,NA
"687","","","","",NA,NA,NA,NA,TRUE,NA,NA,NA,NA,NA,NA,NA
"688","","","","",NA,NA,NA,NA,TRUE,NA,NA,NA,NA,NA,NA,NA
"689","","","","",NA,NA,NA,NA,TRUE,NA,NA,NA,NA,NA,NA,NA
"690","","","","",NA,NA,NA,NA,TRUE,NA,NA,NA,NA,NA,NA,NA
"691","","","","",NA,NA,NA,NA,TRUE,NA,NA,NA,NA,NA,NA,NA
"692","","","","",NA,NA,NA,NA,TRUE,NA,NA,NA,NA,NA,NA,NA
"693","","","","",NA,NA,NA,NA,TRUE,NA,NA,NA,NA,NA,NA,NA
"694","","","","",NA,NA,NA,NA,TRUE,NA,NA,NA,NA,NA,NA,NA
"695","","","","",NA,NA,NA,NA,TRUE,NA,NA,NA,NA,NA,NA,NA
"696","","","","",NA,NA,NA,NA,TRUE,NA,NA,NA,NA,NA,NA,NA
"697","","","","",NA,NA,NA,NA,TRUE,NA,NA,NA,NA,NA,NA,NA
"698","","","","",NA,NA,NA,NA,TRUE,NA,NA,NA,NA,NA,NA,NA
"699","","","","",NA,NA,NA,NA,TRUE,NA,NA,NA,NA,NA,NA,NA
"700","","","","",NA,NA,NA,NA,TRUE,NA,NA,NA,NA,NA,NA,NA
"701","","","","",NA,NA,NA,NA,TRUE,NA,NA,NA,NA,NA,NA,NA
"702","","","","",NA,NA,NA,NA,TRUE,NA,NA,NA,NA,NA,NA,NA
"703","","","","",NA,NA,NA,NA,TRUE,NA,NA,NA,NA,NA,NA,NA
"704","","","","",NA,NA,NA,NA,TRUE,NA,NA,NA,NA,NA,NA,NA
"705","","","","",NA,NA,NA,NA,TRUE,NA,NA,NA,NA,NA,NA,NA
"706","","","","",NA,NA,NA,NA,TRUE,NA,NA,NA,NA,NA,NA,NA
"707","","","","",NA,NA,NA,NA,TRUE,NA,NA,NA,NA,NA,NA,NA
"708","","","","",NA,NA,NA,NA,TRUE,NA,NA,NA,NA,NA,NA,NA
"709","","","","",NA,NA,NA,NA,TRUE,NA,NA,NA,NA,NA,NA,NA
"710","","","","",NA,NA,NA,NA,TRUE,NA,NA,NA,NA,NA,NA,NA
"711","","","","",NA,NA,NA,NA,TRUE,NA,NA,NA,NA,NA,NA,NA
"712","","","","",NA,NA,NA,NA,TRUE,NA,NA,NA,NA,NA,NA,NA
"713","","","","",NA,NA,NA,NA,TRUE,NA,NA,NA,NA,NA,NA,NA
"714","","","","",NA,NA,NA,NA,TRUE,NA,NA,NA,NA,NA,NA,NA
"715","","","","",NA,NA,NA,NA,TRUE,NA,NA,NA,NA,NA,NA,NA
"716","","","","",NA,NA,NA,NA,TRUE,NA,NA,NA,NA,NA,NA,NA
"717","","","","",NA,NA,NA,NA,TRUE,NA,NA,NA,NA,NA,NA,NA
"718","","","","",NA,NA,NA,NA,TRUE,NA,NA,NA,NA,NA,NA,NA
"719","","","","",NA,NA,NA,NA,TRUE,NA,NA,NA,NA,NA,NA,NA
"720","","","","",NA,NA,NA,NA,TRUE,NA,NA,NA,NA,NA,NA,NA
"721","","","","",NA,NA,NA,NA,TRUE,NA,NA,NA,NA,NA,NA,NA
"722","","","","",NA,NA,NA,NA,TRUE,NA,NA,NA,NA,NA,NA,NA
"723","","","","",NA,NA,NA,NA,TRUE,NA,NA,NA,NA,NA,NA,NA
"724","","","","",NA,NA,NA,NA,TRUE,NA,NA,NA,NA,NA,NA,NA
"725","","","","",NA,NA,NA,NA,TRUE,NA,NA,NA,NA,NA,NA,NA
"726","","","","",NA,NA,NA,NA,TRUE,NA,NA,NA,NA,NA,NA,NA
"727","","","","",NA,NA,NA,NA,TRUE,NA,NA,NA,NA,NA,NA,NA
"728","","","","",NA,NA,NA,NA,TRUE,NA,NA,NA,NA,NA,NA,NA
"729","","","","",NA,NA,NA,NA,TRUE,NA,NA,NA,NA,NA,NA,NA
"730","","","","",NA,NA,NA,NA,TRUE,NA,NA,NA,NA,NA,NA,NA
"731","","","","",NA,NA,NA,NA,TRUE,NA,NA,NA,NA,NA,NA,NA
"732","","","","",NA,NA,NA,NA,TRUE,NA,NA,NA,NA,NA,NA,NA
"733","","","","",NA,NA,NA,NA,TRUE,NA,NA,NA,NA,NA,NA,NA
"734","","","","",NA,NA,NA,NA,TRUE,NA,NA,NA,NA,NA,NA,NA
"735","","","","",NA,NA,NA,NA,TRUE,NA,NA,NA,NA,NA,NA,NA
"736","","","","",NA,NA,NA,NA,TRUE,NA,NA,NA,NA,NA,NA,NA
"737","","","","",NA,NA,NA,NA,TRUE,NA,NA,NA,NA,NA,NA,NA
"738","","","","",NA,NA,NA,NA,TRUE,NA,NA,NA,NA,NA,NA,NA
"739","","","","",NA,NA,NA,NA,TRUE,NA,NA,NA,NA,NA,NA,NA
"740","","","","",NA,NA,NA,NA,TRUE,NA,NA,NA,NA,NA,NA,NA
"741","","","","",NA,NA,NA,NA,TRUE,NA,NA,NA,NA,NA,NA,NA
"742","","","","",NA,NA,NA,NA,TRUE,NA,NA,NA,NA,NA,NA,NA
"743","","","","",NA,NA,NA,NA,TRUE,NA,NA,NA,NA,NA,NA,NA
"744","","","","",NA,NA,NA,NA,TRUE,NA,NA,NA,NA,NA,NA,NA
"745","","","","",NA,NA,NA,NA,TRUE,NA,NA,NA,NA,NA,NA,NA
"746","","","","",NA,NA,NA,NA,TRUE,NA,NA,NA,NA,NA,NA,NA
"747","","","","",NA,NA,NA,NA,TRUE,NA,NA,NA,NA,NA,NA,NA
"748","","","","",NA,NA,NA,NA,TRUE,NA,NA,NA,NA,NA,NA,NA
"749","","","","",NA,NA,NA,NA,TRUE,NA,NA,NA,NA,NA,NA,NA
"750","","","","",NA,NA,NA,NA,TRUE,NA,NA,NA,NA,NA,NA,NA
"751","","","","",NA,NA,NA,NA,TRUE,NA,NA,NA,NA,NA,NA,NA
"752","","","","",NA,NA,NA,NA,TRUE,NA,NA,NA,NA,NA,NA,NA
"753","","","","",NA,NA,NA,NA,TRUE,NA,NA,NA,NA,NA,NA,NA
"754","","","","",NA,NA,NA,NA,TRUE,NA,NA,NA,NA,NA,NA,NA
"755","","","","",NA,NA,NA,NA,TRUE,NA,NA,NA,NA,NA,NA,NA
"756","","","","",NA,NA,NA,NA,TRUE,NA,NA,NA,NA,NA,NA,NA
"757","","","","",NA,NA,NA,NA,TRUE,NA,NA,NA,NA,NA,NA,NA
"758","","","","",NA,NA,NA,NA,TRUE,NA,NA,NA,NA,NA,NA,NA
"759","","","","",NA,NA,NA,NA,TRUE,NA,NA,NA,NA,NA,NA,NA
"760","","","","",NA,NA,NA,NA,TRUE,NA,NA,NA,NA,NA,NA,NA
"761","","","","",NA,NA,NA,NA,TRUE,NA,NA,NA,NA,NA,NA,NA
"762","","","","",NA,NA,NA,NA,TRUE,NA,NA,NA,NA,NA,NA,NA
"763","","","","",NA,NA,NA,NA,TRUE,NA,NA,NA,NA,NA,NA,NA
"764","","","","",NA,NA,NA,NA,TRUE,NA,NA,NA,NA,NA,NA,NA
"765","","","","",NA,NA,NA,NA,TRUE,NA,NA,NA,NA,NA,NA,NA
"766","","","","",NA,NA,NA,NA,TRUE,NA,NA,NA,NA,NA,NA,NA
"767","","","","",NA,NA,NA,NA,TRUE,NA,NA,NA,NA,NA,NA,NA
"768","","","","",NA,NA,NA,NA,TRUE,NA,NA,NA,NA,NA,NA,NA
"769","","","","",NA,NA,NA,NA,TRUE,NA,NA,NA,NA,NA,NA,NA
"770","","","","",NA,NA,NA,NA,TRUE,NA,NA,NA,NA,NA,NA,NA
"771","","","","",NA,NA,NA,NA,TRUE,NA,NA,NA,NA,NA,NA,NA
"772","","","","",NA,NA,NA,NA,TRUE,NA,NA,NA,NA,NA,NA,NA
"773","","","","",NA,NA,NA,NA,TRUE,NA,NA,NA,NA,NA,NA,NA
"774","","","","",NA,NA,NA,NA,TRUE,NA,NA,NA,NA,NA,NA,NA
"775","","","","",NA,NA,NA,NA,TRUE,NA,NA,NA,NA,NA,NA,NA
"776","","","","",NA,NA,NA,NA,TRUE,NA,NA,NA,NA,NA,NA,NA
"777","","","","",NA,NA,NA,NA,TRUE,NA,NA,NA,NA,NA,NA,NA
"778","","","","",NA,NA,NA,NA,TRUE,NA,NA,NA,NA,NA,NA,NA
"779","","","","",NA,NA,NA,NA,TRUE,NA,NA,NA,NA,NA,NA,NA
"780","","","","",NA,NA,NA,NA,TRUE,NA,NA,NA,NA,NA,NA,NA
"781","","","","",NA,NA,NA,NA,TRUE,NA,NA,NA,NA,NA,NA,NA
"782","","","","",NA,NA,NA,NA,TRUE,NA,NA,NA,NA,NA,NA,NA
"783","","","","",NA,NA,NA,NA,TRUE,NA,NA,NA,NA,NA,NA,NA
"784","","","","",NA,NA,NA,NA,TRUE,NA,NA,NA,NA,NA,NA,NA
"785","","","","",NA,NA,NA,NA,TRUE,NA,NA,NA,NA,NA,NA,NA
"786","","","","",NA,NA,NA,NA,TRUE,NA,NA,NA,NA,NA,NA,NA
"787","","","","",NA,NA,NA,NA,TRUE,NA,NA,NA,NA,NA,NA,NA
"788","","","","",NA,NA,NA,NA,TRUE,NA,NA,NA,NA,NA,NA,NA
"789","","","","",NA,NA,NA,NA,TRUE,NA,NA,NA,NA,NA,NA,NA
"790","","","","",NA,NA,NA,NA,TRUE,NA,NA,NA,NA,NA,NA,NA
"791","","","","",NA,NA,NA,NA,TRUE,NA,NA,NA,NA,NA,NA,NA
"792","","","","",NA,NA,NA,NA,TRUE,NA,NA,NA,NA,NA,NA,NA
"793","","","","",NA,NA,NA,NA,TRUE,NA,NA,NA,NA,NA,NA,NA
"794","","","","",NA,NA,NA,NA,TRUE,NA,NA,NA,NA,NA,NA,NA
"795","","","","",NA,NA,NA,NA,TRUE,NA,NA,NA,NA,NA,NA,NA
"796","","","","",NA,NA,NA,NA,TRUE,NA,NA,NA,NA,NA,NA,NA
"797","","","","",NA,NA,NA,NA,TRUE,NA,NA,NA,NA,NA,NA,NA
"798","","","","",NA,NA,NA,NA,TRUE,NA,NA,NA,NA,NA,NA,NA
"799","","","","",NA,NA,NA,NA,TRUE,NA,NA,NA,NA,NA,NA,NA
"800","","","","",NA,NA,NA,NA,TRUE,NA,NA,NA,NA,NA,NA,NA
"801","","","","",NA,NA,NA,NA,TRUE,NA,NA,NA,NA,NA,NA,NA
"802","","","","",NA,NA,NA,NA,TRUE,NA,NA,NA,NA,NA,NA,NA
"803","","","","",NA,NA,NA,NA,TRUE,NA,NA,NA,NA,NA,NA,NA
"804","","","","",NA,NA,NA,NA,TRUE,NA,NA,NA,NA,NA,NA,NA
"805","","","","",NA,NA,NA,NA,TRUE,NA,NA,NA,NA,NA,NA,NA
"806","","","","",NA,NA,NA,NA,TRUE,NA,NA,NA,NA,NA,NA,NA
"807","","","","",NA,NA,NA,NA,TRUE,NA,NA,NA,NA,NA,NA,NA
"808","","","","",NA,NA,NA,NA,TRUE,NA,NA,NA,NA,NA,NA,NA
"809","","","","",NA,NA,NA,NA,TRUE,NA,NA,NA,NA,NA,NA,NA
"810","","","","",NA,NA,NA,NA,TRUE,NA,NA,NA,NA,NA,NA,NA
"811","","","","",NA,NA,NA,NA,TRUE,NA,NA,NA,NA,NA,NA,NA
"812","","","","",NA,NA,NA,NA,TRUE,NA,NA,NA,NA,NA,NA,NA
"813","","","","",NA,NA,NA,NA,TRUE,NA,NA,NA,NA,NA,NA,NA
"814","","","","",NA,NA,NA,NA,TRUE,NA,NA,NA,NA,NA,NA,NA
"815","","","","",NA,NA,NA,NA,TRUE,NA,NA,NA,NA,NA,NA,NA
"816","","","","",NA,NA,NA,NA,TRUE,NA,NA,NA,NA,NA,NA,NA
"817","","","","",NA,NA,NA,NA,TRUE,NA,NA,NA,NA,NA,NA,NA
"818","","","","",NA,NA,NA,NA,TRUE,NA,NA,NA,NA,NA,NA,NA
"819","","","","",NA,NA,NA,NA,TRUE,NA,NA,NA,NA,NA,NA,NA
"820","","","","",NA,NA,NA,NA,TRUE,NA,NA,NA,NA,NA,NA,NA
"821","","","","",NA,NA,NA,NA,TRUE,NA,NA,NA,NA,NA,NA,NA
"822","","","","",NA,NA,NA,NA,TRUE,NA,NA,NA,NA,NA,NA,NA
"823","","","","",NA,NA,NA,NA,TRUE,NA,NA,NA,NA,NA,NA,NA
"824","","","","",NA,NA,NA,NA,TRUE,NA,NA,NA,NA,NA,NA,NA
"825","","","","",NA,NA,NA,NA,TRUE,NA,NA,NA,NA,NA,NA,NA
"826","","","","",NA,NA,NA,NA,TRUE,NA,NA,NA,NA,NA,NA,NA
"827","","","","",NA,NA,NA,NA,TRUE,NA,NA,NA,NA,NA,NA,NA
"828","","","","",NA,NA,NA,NA,TRUE,NA,NA,NA,NA,NA,NA,NA
"829","","","","",NA,NA,NA,NA,TRUE,NA,NA,NA,NA,NA,NA,NA
"830","","","","",NA,NA,NA,NA,TRUE,NA,NA,NA,NA,NA,NA,NA
"831","","","","",NA,NA,NA,NA,TRUE,NA,NA,NA,NA,NA,NA,NA
"832","","","","",NA,NA,NA,NA,TRUE,NA,NA,NA,NA,NA,NA,NA
"833","","","","",NA,NA,NA,NA,TRUE,NA,NA,NA,NA,NA,NA,NA
"834","","","","",NA,NA,NA,NA,TRUE,NA,NA,NA,NA,NA,NA,NA
"835","","","","",NA,NA,NA,NA,TRUE,NA,NA,NA,NA,NA,NA,NA
"836","","","","",NA,NA,NA,NA,TRUE,NA,NA,NA,NA,NA,NA,NA
"837","","","","",NA,NA,NA,NA,TRUE,NA,NA,NA,NA,NA,NA,NA
"838","","","","",NA,NA,NA,NA,TRUE,NA,NA,NA,NA,NA,NA,NA
"839","","","","",NA,NA,NA,NA,TRUE,NA,NA,NA,NA,NA,NA,NA
"840","","","","",NA,NA,NA,NA,TRUE,NA,NA,NA,NA,NA,NA,NA
"841","","","","",NA,NA,NA,NA,TRUE,NA,NA,NA,NA,NA,NA,NA
"842","","","","",NA,NA,NA,NA,TRUE,NA,NA,NA,NA,NA,NA,NA
"843","","","","",NA,NA,NA,NA,TRUE,NA,NA,NA,NA,NA,NA,NA
"844","","","","",NA,NA,NA,NA,TRUE,NA,NA,NA,NA,NA,NA,NA
"845","","","","",NA,NA,NA,NA,TRUE,NA,NA,NA,NA,NA,NA,NA
"846","","","","",NA,NA,NA,NA,TRUE,NA,NA,NA,NA,NA,NA,NA
"847","","","","",NA,NA,NA,NA,TRUE,NA,NA,NA,NA,NA,NA,NA
"848","","","","",NA,NA,NA,NA,TRUE,NA,NA,NA,NA,NA,NA,NA
"849","","","","",NA,NA,NA,NA,TRUE,NA,NA,NA,NA,NA,NA,NA
"850","","","","",NA,NA,NA,NA,TRUE,NA,NA,NA,NA,NA,NA,NA
"851","","","","",NA,NA,NA,NA,TRUE,NA,NA,NA,NA,NA,NA,NA
"852","","","","",NA,NA,NA,NA,TRUE,NA,NA,NA,NA,NA,NA,NA
"853","","","","",NA,NA,NA,NA,TRUE,NA,NA,NA,NA,NA,NA,NA
"854","","","","",NA,NA,NA,NA,TRUE,NA,NA,NA,NA,NA,NA,NA
"855","","","","",NA,NA,NA,NA,TRUE,NA,NA,NA,NA,NA,NA,NA
"856","","","","",NA,NA,NA,NA,TRUE,NA,NA,NA,NA,NA,NA,NA
"857","","","","",NA,NA,NA,NA,TRUE,NA,NA,NA,NA,NA,NA,NA
"858","","","","",NA,NA,NA,NA,TRUE,NA,NA,NA,NA,NA,NA,NA
"859","","","","",NA,NA,NA,NA,TRUE,NA,NA,NA,NA,NA,NA,NA
"860","","","","",NA,NA,NA,NA,TRUE,NA,NA,NA,NA,NA,NA,NA
"861","","","","",NA,NA,NA,NA,TRUE,NA,NA,NA,NA,NA,NA,NA
"862","","","","",NA,NA,NA,NA,TRUE,NA,NA,NA,NA,NA,NA,NA
"863","","","","",NA,NA,NA,NA,TRUE,NA,NA,NA,NA,NA,NA,NA
"864","","","","",NA,NA,NA,NA,TRUE,NA,NA,NA,NA,NA,NA,NA
"865","","","","",NA,NA,NA,NA,TRUE,NA,NA,NA,NA,NA,NA,NA
"866","","","","",NA,NA,NA,NA,TRUE,NA,NA,NA,NA,NA,NA,NA
"867","","","","",NA,NA,NA,NA,TRUE,NA,NA,NA,NA,NA,NA,NA
"868","","","","",NA,NA,NA,NA,TRUE,NA,NA,NA,NA,NA,NA,NA
"869","","","","",NA,NA,NA,NA,TRUE,NA,NA,NA,NA,NA,NA,NA
"870","","","","",NA,NA,NA,NA,TRUE,NA,NA,NA,NA,NA,NA,NA
"871","","","","",NA,NA,NA,NA,TRUE,NA,NA,NA,NA,NA,NA,NA
"872","","","","",NA,NA,NA,NA,TRUE,NA,NA,NA,NA,NA,NA,NA
"873","","","","",NA,NA,NA,NA,TRUE,NA,NA,NA,NA,NA,NA,NA
"874","","","","",NA,NA,NA,NA,TRUE,NA,NA,NA,NA,NA,NA,NA
"875","","","","",NA,NA,NA,NA,TRUE,NA,NA,NA,NA,NA,NA,NA
"876","","","","",NA,NA,NA,NA,TRUE,NA,NA,NA,NA,NA,NA,NA
"877","","","","",NA,NA,NA,NA,TRUE,NA,NA,NA,NA,NA,NA,NA
"878","","","","",NA,NA,NA,NA,TRUE,NA,NA,NA,NA,NA,NA,NA
"879","","","","",NA,NA,NA,NA,TRUE,NA,NA,NA,NA,NA,NA,NA
"880","","","","",NA,NA,NA,NA,TRUE,NA,NA,NA,NA,NA,NA,NA
"881","","","","",NA,NA,NA,NA,TRUE,NA,NA,NA,NA,NA,NA,NA
"882","","","","",NA,NA,NA,NA,TRUE,NA,NA,NA,NA,NA,NA,NA
"883","","","","",NA,NA,NA,NA,TRUE,NA,NA,NA,NA,NA,NA,NA
"884","","","","",NA,NA,NA,NA,TRUE,NA,NA,NA,NA,NA,NA,NA
"885","","","","",NA,NA,NA,NA,TRUE,NA,NA,NA,NA,NA,NA,NA
"886","","","","",NA,NA,NA,NA,TRUE,NA,NA,NA,NA,NA,NA,NA
"887","","","","",NA,NA,NA,NA,TRUE,NA,NA,NA,NA,NA,NA,NA
"888","","","","",NA,NA,NA,NA,TRUE,NA,NA,NA,NA,NA,NA,NA
"889","","","","",NA,NA,NA,NA,TRUE,NA,NA,NA,NA,NA,NA,NA
"890","","","","",NA,NA,NA,NA,TRUE,NA,NA,NA,NA,NA,NA,NA
"891","","","","",NA,NA,NA,NA,TRUE,NA,NA,NA,NA,NA,NA,NA
"892","","","","",NA,NA,NA,NA,TRUE,NA,NA,NA,NA,NA,NA,NA
"893","","","","",NA,NA,NA,NA,TRUE,NA,NA,NA,NA,NA,NA,NA
"894","","","","",NA,NA,NA,NA,TRUE,NA,NA,NA,NA,NA,NA,NA
"895","","","","",NA,NA,NA,NA,TRUE,NA,NA,NA,NA,NA,NA,NA
"896","","","","",NA,NA,NA,NA,TRUE,NA,NA,NA,NA,NA,NA,NA
"897","","","","",NA,NA,NA,NA,TRUE,NA,NA,NA,NA,NA,NA,NA
"898","","","","",NA,NA,NA,NA,TRUE,NA,NA,NA,NA,NA,NA,NA
"899","","","","",NA,NA,NA,NA,TRUE,NA,NA,NA,NA,NA,NA,NA
"900","","","","",NA,NA,NA,NA,TRUE,NA,NA,NA,NA,NA,NA,NA
"901","","","","",NA,NA,NA,NA,TRUE,NA,NA,NA,NA,NA,NA,NA
"902","","","","",NA,NA,NA,NA,TRUE,NA,NA,NA,NA,NA,NA,NA
"903","","","","",NA,NA,NA,NA,TRUE,NA,NA,NA,NA,NA,NA,NA
"904","","","","",NA,NA,NA,NA,TRUE,NA,NA,NA,NA,NA,NA,NA
"905","","","","",NA,NA,NA,NA,TRUE,NA,NA,NA,NA,NA,NA,NA
"906","","","","",NA,NA,NA,NA,TRUE,NA,NA,NA,NA,NA,NA,NA
"907","","","","",NA,NA,NA,NA,TRUE,NA,NA,NA,NA,NA,NA,NA
"908","","","","",NA,NA,NA,NA,TRUE,NA,NA,NA,NA,NA,NA,NA
"909","","","","",NA,NA,NA,NA,TRUE,NA,NA,NA,NA,NA,NA,NA
"910","","","","",NA,NA,NA,NA,TRUE,NA,NA,NA,NA,NA,NA,NA
"911","","","","",NA,NA,NA,NA,TRUE,NA,NA,NA,NA,NA,NA,NA
"912","","","","",NA,NA,NA,NA,TRUE,NA,NA,NA,NA,NA,NA,NA
"913","","","","",NA,NA,NA,NA,TRUE,NA,NA,NA,NA,NA,NA,NA
"914","","","","",NA,NA,NA,NA,TRUE,NA,NA,NA,NA,NA,NA,NA
"915","","","","",NA,NA,NA,NA,TRUE,NA,NA,NA,NA,NA,NA,NA
"916","","","","",NA,NA,NA,NA,TRUE,NA,NA,NA,NA,NA,NA,NA
"917","","","","",NA,NA,NA,NA,TRUE,NA,NA,NA,NA,NA,NA,NA
"918","","","","",NA,NA,NA,NA,TRUE,NA,NA,NA,NA,NA,NA,NA
"919","","","","",NA,NA,NA,NA,TRUE,NA,NA,NA,NA,NA,NA,NA
"920","","","","",NA,NA,NA,NA,TRUE,NA,NA,NA,NA,NA,NA,NA
"921","","","","",NA,NA,NA,NA,TRUE,NA,NA,NA,NA,NA,NA,NA
"922","","","","",NA,NA,NA,NA,TRUE,NA,NA,NA,NA,NA,NA,NA
"923","","","","",NA,NA,NA,NA,TRUE,NA,NA,NA,NA,NA,NA,NA
"924","","","","",NA,NA,NA,NA,TRUE,NA,NA,NA,NA,NA,NA,NA
"925","","","","",NA,NA,NA,NA,TRUE,NA,NA,NA,NA,NA,NA,NA
"926","","","","",NA,NA,NA,NA,TRUE,NA,NA,NA,NA,NA,NA,NA
"927","","","","",NA,NA,NA,NA,TRUE,NA,NA,NA,NA,NA,NA,NA
"928","","","","",NA,NA,NA,NA,TRUE,NA,NA,NA,NA,NA,NA,NA
"929","","","","",NA,NA,NA,NA,TRUE,NA,NA,NA,NA,NA,NA,NA
"930","","","","",NA,NA,NA,NA,TRUE,NA,NA,NA,NA,NA,NA,NA
"931","","","","",NA,NA,NA,NA,TRUE,NA,NA,NA,NA,NA,NA,NA
"932","","","","",NA,NA,NA,NA,TRUE,NA,NA,NA,NA,NA,NA,NA
"933","","","","",NA,NA,NA,NA,TRUE,NA,NA,NA,NA,NA,NA,NA
"934","","","","",NA,NA,NA,NA,TRUE,NA,NA,NA,NA,NA,NA,NA
"935","","","","",NA,NA,NA,NA,TRUE,NA,NA,NA,NA,NA,NA,NA
"936","","","","",NA,NA,NA,NA,TRUE,NA,NA,NA,NA,NA,NA,NA
"937","","","","",NA,NA,NA,NA,TRUE,NA,NA,NA,NA,NA,NA,NA
"938","","","","",NA,NA,NA,NA,TRUE,NA,NA,NA,NA,NA,NA,NA
"939","","","","",NA,NA,NA,NA,TRUE,NA,NA,NA,NA,NA,NA,NA
"940","","","","",NA,NA,NA,NA,TRUE,NA,NA,NA,NA,NA,NA,NA
"941","","","","",NA,NA,NA,NA,TRUE,NA,NA,NA,NA,NA,NA,NA
"942","","","","",NA,NA,NA,NA,TRUE,NA,NA,NA,NA,NA,NA,NA
"943","","","","",NA,NA,NA,NA,TRUE,NA,NA,NA,NA,NA,NA,NA
"944","","","","",NA,NA,NA,NA,TRUE,NA,NA,NA,NA,NA,NA,NA
"945","","","","",NA,NA,NA,NA,TRUE,NA,NA,NA,NA,NA,NA,NA
"946","","","","",NA,NA,NA,NA,TRUE,NA,NA,NA,NA,NA,NA,NA
"947","","","","",NA,NA,NA,NA,TRUE,NA,NA,NA,NA,NA,NA,NA
"948","","","","",NA,NA,NA,NA,TRUE,NA,NA,NA,NA,NA,NA,NA
"949","","","","",NA,NA,NA,NA,TRUE,NA,NA,NA,NA,NA,NA,NA
"950","","","","",NA,NA,NA,NA,TRUE,NA,NA,NA,NA,NA,NA,NA
"951","","","","",NA,NA,NA,NA,TRUE,NA,NA,NA,NA,NA,NA,NA
"952","","","","",NA,NA,NA,NA,TRUE,NA,NA,NA,NA,NA,NA,NA
"953","","","","",NA,NA,NA,NA,TRUE,NA,NA,NA,NA,NA,NA,NA
"954","","","","",NA,NA,NA,NA,TRUE,NA,NA,NA,NA,NA,NA,NA
"955","","","","",NA,NA,NA,NA,TRUE,NA,NA,NA,NA,NA,NA,NA
"956","","","","",NA,NA,NA,NA,TRUE,NA,NA,NA,NA,NA,NA,NA
"957","","","","",NA,NA,NA,NA,TRUE,NA,NA,NA,NA,NA,NA,NA
"958","","","","",NA,NA,NA,NA,TRUE,NA,NA,NA,NA,NA,NA,NA
"959","","","","",NA,NA,NA,NA,TRUE,NA,NA,NA,NA,NA,NA,NA
"960","","","","",NA,NA,NA,NA,TRUE,NA,NA,NA,NA,NA,NA,NA
"961","","","","",NA,NA,NA,NA,TRUE,NA,NA,NA,NA,NA,NA,NA
"962","","","","",NA,NA,NA,NA,TRUE,NA,NA,NA,NA,NA,NA,NA
"963","","","","",NA,NA,NA,NA,TRUE,NA,NA,NA,NA,NA,NA,NA
"964","","","","",NA,NA,NA,NA,TRUE,NA,NA,NA,NA,NA,NA,NA
"965","","","","",NA,NA,NA,NA,TRUE,NA,NA,NA,NA,NA,NA,NA
"966","","","","",NA,NA,NA,NA,TRUE,NA,NA,NA,NA,NA,NA,NA
"967","","","","",NA,NA,NA,NA,TRUE,NA,NA,NA,NA,NA,NA,NA
"968","","","","",NA,NA,NA,NA,TRUE,NA,NA,NA,NA,NA,NA,NA
"969","","","","",NA,NA,NA,NA,TRUE,NA,NA,NA,NA,NA,NA,NA
"970","","","","",NA,NA,NA,NA,TRUE,NA,NA,NA,NA,NA,NA,NA
"971","","","","",NA,NA,NA,NA,TRUE,NA,NA,NA,NA,NA,NA,NA
"972","","","","",NA,NA,NA,NA,TRUE,NA,NA,NA,NA,NA,NA,NA
"973","","","","",NA,NA,NA,NA,TRUE,NA,NA,NA,NA,NA,NA,NA
"974","","","","",NA,NA,NA,NA,TRUE,NA,NA,NA,NA,NA,NA,NA
"975","","","","",NA,NA,NA,NA,TRUE,NA,NA,NA,NA,NA,NA,NA
"976","","","","",NA,NA,NA,NA,TRUE,NA,NA,NA,NA,NA,NA,NA
"977","","","","",NA,NA,NA,NA,TRUE,NA,NA,NA,NA,NA,NA,NA
"978","","","","",NA,NA,NA,NA,TRUE,NA,NA,NA,NA,NA,NA,NA
"979","","","","",NA,NA,NA,NA,TRUE,NA,NA,NA,NA,NA,NA,NA
"980","","","","",NA,NA,NA,NA,TRUE,NA,NA,NA,NA,NA,NA,NA
"981","","","","",NA,NA,NA,NA,TRUE,NA,NA,NA,NA,NA,NA,NA
"982","","","","",NA,NA,NA,NA,TRUE,NA,NA,NA,NA,NA,NA,NA
"983","","","","",NA,NA,NA,NA,TRUE,NA,NA,NA,NA,NA,NA,NA
"984","","","","",NA,NA,NA,NA,TRUE,NA,NA,NA,NA,NA,NA,NA
"985","","","","",NA,NA,NA,NA,TRUE,NA,NA,NA,NA,NA,NA,NA
"986","","","","",NA,NA,NA,NA,TRUE,NA,NA,NA,NA,NA,NA,NA
"987","","","","",NA,NA,NA,NA,TRUE,NA,NA,NA,NA,NA,NA,NA
"988","","","","",NA,NA,NA,NA,TRUE,NA,NA,NA,NA,NA,NA,NA
"989","","","","",NA,NA,NA,NA,TRUE,NA,NA,NA,NA,NA,NA,NA
"990","","","","",NA,NA,NA,NA,TRUE,NA,NA,NA,NA,NA,NA,NA
"991","","","","",NA,NA,NA,NA,TRUE,NA,NA,NA,NA,NA,NA,NA
"992","","","","",NA,NA,NA,NA,TRUE,NA,NA,NA,NA,NA,NA,NA
"993","","","","",NA,NA,NA,NA,TRUE,NA,NA,NA,NA,NA,NA,NA
"994","","","","",NA,NA,NA,NA,TRUE,NA,NA,NA,NA,NA,NA,NA
"995","","","","",NA,NA,NA,NA,TRUE,NA,NA,NA,NA,NA,NA,NA
"996","","","","",NA,NA,NA,NA,TRUE,NA,NA,NA,NA,NA,NA,NA
"997","","","","",NA,NA,NA,NA,TRUE,NA,NA,NA,NA,NA,NA,NA
"998","","","","",NA,NA,NA,NA,TRUE,NA,NA,NA,NA,NA,NA,NA
"999","","","","",NA,NA,NA,NA,TRUE,NA,NA,NA,NA,NA,NA,NA
